Session,Date of Measurement,Sample ID,δ13C,δ13C standard deviation,δ13C,δ18Omineral,δ18O standard deviation,δ18Omineral,δ47,δ47 standard deviation,Δ47,Δ47 standard error,Δ47,Δ47,δ48,δ48 standard deviation,Δ48,Δ48 standard deviation,δ49,δ49 standard deviation,Δ49 ,Δ49 standard deviation
,mm/dd/yy time,,"‰, VPDB",‰,"‰, VPDB, corrected to standards","‰, VPDB",‰,"‰, VPDB, corrected to standards","‰, vs. working gas",‰,"‰, vs. working gas",‰,"‰, CDES","‰, I-CDES","‰, vs. working gas",‰,"‰, vs. working gas",‰,"‰, vs. working gas",‰,"‰, vs. working gas",‰
1,6-1-21 2:55 PM,ETH2,-10.01,0.00,-10.26,-18.95,0.00,-18.75,-12.105,0.023,-0.686,0.007,0.199,0.202,-11.418,0.080,-1.264,0.083,2.493,0.599,19.314,0.613
1,6-3-21 3:16 AM,ETH1,2.19,0.00,1.97,-2.46,0.01,-2.16,16.986,0.017,-0.661,0.005,0.200,0.202,25.354,0.111,1.896,0.111,-3.106,0.358,-31.560,0.338
1,6-3-21 2:54 PM,IAEA-603,2.64,0.00,2.42,-2.67,0.01,-2.37,17.293,0.027,-0.584,0.009,0.278,0.283,25.031,0.100,1.996,0.098,-3.636,0.545,-32.103,0.521
1,6-4-21 1:13 AM,CAR1,4.40,0.00,4.19,-5.02,0.00,-4.74,16.583,0.026,-0.567,0.009,0.296,0.302,19.666,0.075,1.465,0.081,-2.671,0.600,-28.283,0.578
1,6-4-21 4:39 AM,ETH3,1.87,0.00,1.65,-2.03,0.01,-1.73,17.493,0.014,-0.302,0.004,0.567,0.581,26.561,0.098,2.211,0.095,-3.340,0.470,-32.317,0.446
1,6-5-21 4:52 AM,ETH4,-10.08,0.00,-10.33,-18.82,0.01,-18.62,-11.803,0.018,-0.454,0.007,0.438,0.447,-10.962,0.085,-1.075,0.085,2.451,0.480,19.063,0.484
1,6-5-21 8:21 AM,TRV1,1.14,0.00,0.92,-9.83,0.01,-9.57,8.624,0.031,-0.303,0.009,0.574,0.588,9.044,0.084,0.678,0.077,-1.220,0.553,-14.199,0.537
1,6-7-21 4:27 PM,ETH2,-10.00,0.00,-10.25,-19.08,0.00,-18.89,-12.226,0.027,-0.683,0.009,0.203,0.205,-11.618,0.097,-1.196,0.099,2.149,0.512,19.228,0.518
1,6-8-21 4:55 PM,CAR1,4.49,0.00,4.27,-4.98,0.00,-4.69,16.702,0.024,-0.580,0.008,0.283,0.288,19.815,0.106,1.519,0.100,-3.285,0.364,-29.053,0.350
1,6-8-21 8:20 PM,ETH1,2.23,0.00,2.01,-2.43,0.00,-2.13,17.054,0.020,-0.663,0.006,0.198,0.201,25.456,0.127,1.936,0.123,-3.453,0.583,-31.993,0.561
1,6-10-21 6:22 AM,ETH3,1.87,0.00,1.64,-2.01,0.01,-1.71,17.503,0.020,-0.296,0.006,0.574,0.588,26.564,0.108,2.183,0.113,-3.243,0.487,-32.244,0.471
1,6-12-21 5:21 AM,TRV1,1.21,0.00,0.98,-9.92,0.00,-9.67,8.591,0.025,-0.304,0.007,0.573,0.587,9.239,0.048,1.060,0.047,-1.036,0.276,-13.898,0.268
1,6-15-21 3:21 PM,ETH2,-9.94,0.00,-10.19,-18.94,0.00,-18.74,-12.013,0.021,-0.674,0.007,0.212,0.215,-11.355,0.057,-1.219,0.062,2.008,0.401,18.730,0.408
1,6-15-21 6:45 PM,CAR1,4.44,0.00,4.23,-5.11,0.00,-4.83,16.525,0.038,-0.567,0.012,0.297,0.302,19.502,0.059,1.488,0.058,-2.866,0.725,-28.332,0.705
1,6-16-21 4:13 PM,IAEA-603,2.62,0.00,2.40,-2.67,0.01,-2.37,17.296,0.022,-0.565,0.008,0.299,0.304,24.954,0.094,1.918,0.095,-4.162,0.582,-32.601,0.558
1,6-17-21 6:01 AM,TRV1,1.07,0.00,0.85,-9.73,0.01,-9.47,8.665,0.024,-0.306,0.009,0.571,0.585,9.258,0.143,0.683,0.147,-1.433,0.516,-14.548,0.498
1,6-17-21 2:04 PM,ETH3,1.88,0.00,1.66,-2.10,0.00,-1.80,17.437,0.013,-0.295,0.004,0.575,0.589,26.437,0.097,2.230,0.090,-3.685,0.490,-32.527,0.481
1,6-17-21 5:28 PM,CAR1,4.44,0.00,4.22,-5.08,0.01,-4.79,16.570,0.024,-0.557,0.006,0.307,0.313,19.597,0.087,1.506,0.096,-3.420,0.562,-28.938,0.539
1,6-18-21 2:03 PM,ETH1,2.27,0.00,2.05,-2.50,0.00,-2.20,17.000,0.021,-0.682,0.007,0.178,0.180,25.313,0.070,1.930,0.073,-3.100,0.420,-31.556,0.406
1,6-19-21 12:22 AM,TRV1,1.20,0.00,0.98,-9.81,0.00,-9.56,8.697,0.014,-0.307,0.005,0.570,0.584,9.010,0.095,0.612,0.096,-1.699,0.380,-14.763,0.369
1,6-21-21 3:46 PM,CAR1,4.50,0.00,4.29,-4.98,0.00,-4.70,16.723,0.017,-0.563,0.007,0.301,0.306,19.715,0.084,1.431,0.086,-3.332,0.238,-29.101,0.222
1,6-21-21 7:10 PM,ETH4,-9.94,0.00,-10.19,-19.01,0.00,-18.81,-11.855,0.021,-0.447,0.007,0.445,0.455,-11.452,0.108,-1.182,0.111,2.341,0.596,19.205,0.599
1,6-22-21 5:57 PM,ETH2,-9.85,0.00,-10.10,-18.85,0.01,-18.65,-11.839,0.023,-0.681,0.007,0.204,0.207,-11.143,0.107,-1.190,0.112,2.128,0.623,18.569,0.625
1,6-23-21 5:28 AM,TRV1,1.12,0.00,0.89,-9.83,0.01,-9.58,8.600,0.015,-0.301,0.006,0.576,0.590,9.022,0.066,0.662,0.067,-1.325,0.390,-14.274,0.383
1,6-23-21 2:30 PM,IAEA-603,2.61,0.00,2.39,-2.76,0.00,-2.46,17.188,0.020,-0.558,0.006,0.305,0.311,24.700,0.070,1.856,0.073,-4.028,0.402,-32.276,0.384
1,6-24-21 2:59 PM,ETH3,1.95,0.00,1.73,-1.93,0.01,-1.63,17.647,0.019,-0.322,0.005,0.547,0.560,26.867,0.050,2.309,0.051,-4.008,0.695,-33.231,0.669
1,6-24-21 6:58 PM,CAR1,4.50,0.00,4.28,-5.01,0.01,-4.73,16.687,0.016,-0.570,0.004,0.294,0.299,19.696,0.059,1.468,0.056,-3.436,0.558,-29.146,0.535
1,6-25-21 1:51 PM,ETH1,2.25,0.00,2.03,-2.48,0.01,-2.18,17.023,0.012,-0.665,0.004,0.196,0.198,25.400,0.075,1.974,0.076,-3.981,0.419,-32.434,0.406
1,6-25-21 5:52 PM,TRV1,1.14,0.00,0.92,-9.80,0.00,-9.54,8.658,0.016,-0.299,0.007,0.579,0.593,9.122,0.064,0.693,0.065,-1.315,0.414,-14.354,0.406
1,6-28-21 3:26 PM,ETH2,-9.96,0.00,-10.21,-18.92,0.01,-18.72,-12.020,0.027,-0.688,0.009,0.197,0.200,-11.222,0.113,-1.138,0.117,1.968,0.332,18.655,0.332
1,6-29-21 8:36 AM,CAR1,4.49,0.00,4.27,-5.03,0.00,-4.75,16.648,0.017,-0.579,0.006,0.284,0.289,19.661,0.088,1.474,0.086,-3.810,0.460,-29.462,0.445
1,6-29-21 4:28 PM,ETH4,-9.92,0.00,-10.17,-19.04,0.01,-18.84,-11.866,0.014,-0.453,0.006,0.439,0.448,-11.420,0.089,-1.097,0.087,2.100,0.335,18.991,0.330
1,6-30-21 6:07 AM,TRV1,1.27,0.00,1.05,-9.77,0.00,-9.51,8.804,0.019,-0.311,0.006,0.566,0.580,9.224,0.061,0.739,0.067,-1.816,0.586,-15.030,0.575
1,6-30-21 3:26 PM,ETH3,1.88,0.00,1.66,-2.09,0.01,-1.78,17.434,0.016,-0.301,0.004,0.569,0.583,26.458,0.081,2.227,0.083,-4.524,0.445,-33.358,0.428
1,7-1-21 5:12 AM,TRV1,1.38,0.00,1.15,-9.77,0.01,-9.52,8.922,0.027,-0.296,0.009,0.581,0.595,9.177,0.117,0.700,0.116,-1.849,0.511,-15.161,0.498
1,7-1-21 1:42 PM,ETH1,2.19,0.00,1.97,-2.51,0.00,-2.21,16.932,0.029,-0.663,0.009,0.198,0.201,25.183,0.128,1.829,0.123,-4.000,0.573,-32.331,0.551
1,7-2-21 3:23 AM,CAR1,4.46,0.00,4.25,-5.05,0.01,-4.76,16.602,0.024,-0.575,0.007,0.288,0.293,19.601,0.058,1.453,0.054,-3.571,0.595,-29.165,0.569
1,7-2-21 2:46 PM,IAEA-603,2.71,0.00,2.49,-2.63,0.00,-2.34,17.417,0.027,-0.564,0.009,0.300,0.305,25.015,0.128,1.914,0.126,-4.097,0.480,-32.687,0.462
1,7-3-21 8:04 AM,TRV1,1.35,0.00,1.13,-9.80,0.01,-9.54,8.872,0.017,-0.293,0.004,0.585,0.599,9.157,0.093,0.724,0.098,-1.399,0.549,-14.646,0.537
1,7-7-21 4:22 AM,TRV1,0.98,0.00,0.75,-9.80,0.00,-9.55,8.497,0.028,-0.296,0.008,0.581,0.596,9.061,0.104,0.642,0.109,-1.617,0.460,-14.483,0.447
1,7-7-21 2:38 PM,ETH3,1.92,0.00,1.70,-2.00,0.01,-1.70,17.565,0.032,-0.302,0.010,0.568,0.581,26.730,0.099,2.329,0.098,-4.327,0.522,-33.369,0.509
1,7-8-21 8:05 AM,CAR1,4.43,0.00,4.21,-5.05,0.00,-4.76,16.574,0.011,-0.574,0.005,0.289,0.295,19.678,0.061,1.526,0.058,-3.655,0.362,-29.218,0.350
1,7-8-21 3:38 PM,ETH4,-9.94,0.00,-10.19,-18.99,0.00,-18.79,-11.836,0.022,-0.453,0.006,0.438,0.448,-11.334,0.063,-1.107,0.064,2.225,0.415,19.039,0.424
1,7-9-21 8:46 AM,TRV1,1.22,0.00,1.00,-9.79,0.00,-9.54,8.738,0.023,-0.307,0.009,0.570,0.584,9.144,0.094,0.709,0.093,-1.661,0.423,-14.783,0.419
1,7-12-21 1:36 PM,ETH1,2.27,0.00,2.05,-2.46,0.00,-2.16,17.052,0.021,-0.671,0.007,0.190,0.192,25.404,0.078,1.950,0.079,-3.938,0.476,-32.442,0.457
1,7-13-21 10:03 AM,CAR1,4.46,0.00,4.24,-5.01,0.00,-4.72,16.648,0.032,-0.569,0.011,0.294,0.299,19.675,0.111,1.440,0.109,-3.329,0.696,-29.009,0.682
1,7-13-21 5:48 PM,ETH2,-9.78,0.00,-10.02,-18.82,0.00,-18.62,-11.719,0.024,-0.674,0.008,0.211,0.214,-11.015,0.128,-1.136,0.126,1.793,0.559,18.075,0.565
1,7-14-21 5:51 AM,TRV1,1.34,0.00,1.12,-9.85,0.00,-9.60,8.798,0.019,-0.302,0.005,0.575,0.589,8.963,0.074,0.643,0.074,-1.836,0.369,-14.959,0.364
1,7-15-21 3:51 AM,CAR1,4.47,0.00,4.25,-5.02,0.00,-4.74,16.649,0.019,-0.564,0.006,0.299,0.305,19.746,0.085,1.543,0.087,-3.617,0.435,-29.270,0.425
1,7-15-21 7:14 AM,ETH3,1.90,0.00,1.68,-2.01,0.01,-1.71,17.534,0.028,-0.298,0.008,0.572,0.586,26.668,0.060,2.279,0.062,-4.515,0.477,-33.516,0.460
1,7-16-21 5:46 AM,ETH4,-10.19,0.00,-10.44,-19.12,0.01,-18.92,-12.195,0.021,-0.439,0.006,0.453,0.463,-11.537,0.068,-1.050,0.067,0.718,0.498,18.033,0.502
1,7-16-21 5:36 PM,CAR1,4.43,0.00,4.21,-5.07,0.00,-4.78,16.564,0.012,-0.567,0.004,0.297,0.303,19.596,0.131,1.482,0.131,-4.045,0.480,-29.564,0.463
1,7-17-21 7:25 AM,IAEA-603,2.43,0.00,2.21,-2.61,0.00,-2.31,17.165,0.022,-0.563,0.007,0.300,0.306,25.084,0.056,1.928,0.058,-4.015,0.644,-32.384,0.624
1,7-19-21 2:12 PM,TRV1,1.41,0.00,1.19,-9.84,0.00,-9.58,8.885,0.021,-0.293,0.007,0.584,0.599,8.995,0.058,0.652,0.056,-1.781,0.350,-14.992,0.342
1,7-20-21 4:00 AM,ETH3,1.72,0.00,1.50,-2.17,0.01,-1.87,17.218,0.019,-0.268,0.007,0.603,0.618,26.245,0.093,2.197,0.087,-5.379,0.378,-33.862,0.375
1,7-21-21 4:49 PM,TRV1,1.47,0.00,1.25,-9.80,0.00,-9.55,8.984,0.016,-0.294,0.005,0.583,0.597,9.076,0.114,0.656,0.114,-2.067,0.661,-15.410,0.649
1,7-21-21 8:12 PM,ETH2,-9.88,0.00,-10.13,-18.86,0.00,-18.66,-11.868,0.024,-0.679,0.008,0.206,0.209,-11.107,0.067,-1.144,0.064,1.600,0.714,18.073,0.729
1,7-22-21 6:34 AM,CAR1,4.41,0.00,4.19,-4.98,0.00,-4.69,16.624,0.016,-0.570,0.006,0.293,0.299,19.797,0.096,1.505,0.090,-3.581,0.385,-29.257,0.380
1,7-28-21 2:05 PM,TRV1,1.43,0.00,1.20,-9.86,0.00,-9.60,8.884,0.018,-0.290,0.006,0.588,0.602,8.966,0.120,0.664,0.118,-1.927,0.522,-15.115,0.518
1,7-28-21 5:28 PM,ETH1,2.23,0.00,2.01,-2.47,0.00,-2.17,17.013,0.026,-0.661,0.009,0.200,0.202,25.347,0.068,1.913,0.066,-4.633,0.625,-33.063,0.607
1,7-28-21 8:52 PM,CAR1,4.53,0.00,4.31,-5.03,0.00,-4.74,16.697,0.024,-0.569,0.008,0.295,0.300,19.707,0.135,1.510,0.129,-4.296,0.526,-29.982,0.514
1,7-29-21 3:29 PM,TRV1,1.37,0.00,1.15,-9.77,0.00,-9.51,8.922,0.025,-0.296,0.009,0.582,0.596,9.123,0.080,0.639,0.081,-2.532,0.479,-15.837,0.472
1,7-30-21 3:17 PM,ETH4,-9.95,0.00,-10.20,-19.02,0.01,-18.83,-11.877,0.030,-0.446,0.010,0.445,0.455,-11.335,0.071,-1.034,0.069,1.388,0.601,18.278,0.606
1,7-31-21 11:47 AM,CAR1,4.48,0.00,4.27,-5.02,0.00,-4.73,16.671,0.026,-0.560,0.009,0.303,0.309,19.642,0.099,1.429,0.100,-3.998,0.518,-29.666,0.506
1,8-2-21 2:26 PM,ETH3,1.99,0.00,1.77,-2.01,0.00,-1.71,17.624,0.030,-0.301,0.010,0.569,0.583,26.531,0.089,2.148,0.083,-4.946,0.585,-34.024,0.567
1,8-4-21 7:30 PM,ETH1,2.29,0.00,2.06,-2.50,0.01,-2.20,17.041,0.020,-0.657,0.007,0.204,0.206,25.302,0.084,1.923,0.083,-4.681,0.491,-33.105,0.470
1,8-5-21 5:45 AM,CAR1,4.48,0.00,4.27,-5.03,0.00,-4.74,16.651,0.019,-0.570,0.006,0.293,0.298,19.667,0.088,1.471,0.086,-4.519,0.363,-30.153,0.350
1,8-5-21 2:46 PM,ETH2,-9.89,0.00,-10.13,-18.95,0.01,-18.75,-11.959,0.025,-0.673,0.008,0.213,0.216,-11.264,0.101,-1.118,0.103,1.972,0.646,18.644,0.646
1,8-6-21 3:28 PM,IAEA-603,2.70,0.00,2.48,-2.70,0.00,-2.40,17.329,0.021,-0.568,0.007,0.295,0.301,24.839,0.101,1.874,0.103,-4.192,0.354,-32.639,0.344
1,8-9-21 1:52 PM,TRV1,1.35,0.00,1.12,-9.88,0.01,-9.63,8.783,0.018,-0.290,0.005,0.588,0.602,8.962,0.057,0.709,0.054,-2.705,0.686,-15.757,0.671
1,8-10-21 3:42 AM,ETH3,1.70,0.00,1.47,-1.93,0.01,-1.63,17.396,0.022,-0.320,0.006,0.549,0.563,26.790,0.079,2.237,0.079,-4.552,0.297,-33.514,0.281
1,8-10-21 2:20 PM,ETH4,-9.98,0.00,-10.22,-19.02,0.00,-18.82,-11.885,0.023,-0.444,0.007,0.447,0.457,-11.394,0.087,-1.112,0.085,1.571,0.651,18.468,0.659
1,8-11-21 3:02 PM,ETH2,-9.88,0.00,-10.13,-18.90,0.01,-18.70,-11.905,0.017,-0.680,0.007,0.205,0.208,-11.169,0.081,-1.129,0.086,1.665,0.419,18.217,0.418
1,8-13-21 2:25 PM,CAR1,4.57,0.00,4.36,-5.00,0.01,-4.71,16.769,0.021,-0.572,0.008,0.291,0.296,19.751,0.079,1.496,0.083,-4.014,0.675,-29.806,0.645
1,8-13-21 5:50 PM,ETH3,1.97,0.00,1.75,-1.94,0.01,-1.64,17.667,0.024,-0.304,0.008,0.566,0.580,26.907,0.110,2.377,0.121,-4.894,0.730,-34.081,0.700
1,8-19-21 8:15 PM,CAR1,4.54,0.01,4.32,-5.05,0.01,-4.77,16.685,0.019,-0.566,0.007,0.298,0.303,19.639,0.078,1.491,0.073,-3.619,0.382,-29.284,0.352
1,8-19-21 11:38 PM,ETH2,-9.89,0.01,-10.13,-18.94,0.01,-18.74,-11.944,0.020,-0.662,0.006,0.223,0.227,-11.323,0.095,-1.187,0.089,1.930,0.591,18.593,0.591
1,8-21-21 3:53 AM,ETH4,-9.96,0.00,-10.21,-19.05,0.01,-18.85,-11.917,0.029,-0.450,0.008,0.442,0.451,-11.463,0.094,-1.109,0.101,2.408,0.622,19.380,0.620
1,8-21-21 7:16 AM,CAR1,4.50,0.01,4.28,-5.05,0.01,-4.77,16.643,0.022,-0.563,0.005,0.301,0.307,19.573,0.080,1.435,0.086,-3.419,0.796,-29.043,0.758
1,8-24-21 2:09 AM,ETH1,2.24,0.01,2.02,-2.56,0.01,-2.26,16.947,0.031,-0.641,0.007,0.221,0.224,25.084,0.062,1.828,0.060,-4.153,0.447,-32.434,0.415
1,8-24-21 5:33 AM,CAR1,4.47,0.01,4.26,-5.04,0.01,-4.75,16.621,0.020,-0.572,0.008,0.291,0.296,19.506,0.093,1.335,0.088,-3.145,0.570,-28.784,0.540
1,8-25-21 12:22 AM,ETH2,-9.77,0.01,-10.01,-18.77,0.01,-18.57,-11.654,0.018,-0.671,0.007,0.215,0.218,-10.819,0.094,-1.027,0.102,2.178,0.769,18.363,0.756
1,8-25-21 3:46 AM,TRV1,1.27,0.00,1.05,-9.84,0.01,-9.58,8.723,0.028,-0.319,0.008,0.558,0.572,8.992,0.067,0.649,0.060,-1.640,0.395,-14.719,0.374
1,8-25-21 11:00 PM,ETH3,1.90,0.01,1.68,-2.06,0.01,-1.76,17.455,0.030,-0.320,0.009,0.550,0.563,26.358,0.060,2.085,0.075,-3.542,0.668,-32.471,0.630
1,8-26-21 2:22 AM,TRV1,1.36,0.01,1.14,-9.84,0.01,-9.58,8.851,0.014,-0.281,0.007,0.597,0.612,9.006,0.091,0.655,0.100,-2.074,0.361,-15.241,0.346
1,8-28-21 2:28 AM,ETH4,-9.93,0.01,-10.17,-18.98,0.01,-18.78,-11.803,0.024,-0.442,0.007,0.449,0.459,-11.269,0.048,-1.056,0.048,2.237,0.585,19.023,0.585
1,8-28-21 5:51 AM,TRV1,1.35,0.00,1.13,-9.76,0.01,-9.50,8.895,0.023,-0.317,0.006,0.560,0.574,9.232,0.087,0.719,0.098,-1.548,0.585,-14.876,0.559
1,8-28-21 11:40 PM,ETH1,2.24,0.01,2.02,-2.54,0.01,-2.24,16.958,0.023,-0.654,0.004,0.207,0.210,25.168,0.098,1.872,0.111,-3.653,0.501,-31.987,0.467
1,8-29-21 3:03 AM,TRV1,1.35,0.00,1.13,-9.79,0.01,-9.54,8.870,0.019,-0.300,0.007,0.578,0.592,9.054,0.098,0.619,0.100,-1.367,0.394,-14.619,0.372
1,8-30-21 3:08 PM,ETH3,1.88,0.01,1.66,-2.09,0.01,-1.79,17.439,0.022,-0.291,0.004,0.579,0.593,26.403,0.103,2.184,0.101,-3.634,0.432,-32.485,0.406
1,8-31-21 4:46 AM,CAR1,4.47,0.00,4.25,-5.03,0.01,-4.74,16.637,0.030,-0.566,0.008,0.298,0.303,19.640,0.088,1.447,0.088,-2.983,0.729,-28.639,0.694
1,8-31-21 3:17 PM,ETH4,-9.91,0.01,-10.16,-18.89,0.01,-18.69,-11.688,0.020,-0.441,0.006,0.450,0.461,-11.064,0.074,-1.043,0.088,2.215,0.458,18.788,0.441
1,9-1-21 8:19 AM,TRV1,1.30,0.01,1.07,-9.73,0.01,-9.47,8.884,0.023,-0.298,0.006,0.579,0.593,9.249,0.092,0.680,0.107,-1.670,0.363,-14.994,0.346
2,1-6-22 4:46 PM,CAR1,4.45,0.00,4.31,-5.12,0.00,-4.71,16.505,0.018,-0.573,0.006,0.281,0.292,19.364,0.156,1.370,0.147,-4.025,0.626,-29.447,0.615
2,1-6-22 8:08 PM,ETH1,2.18,0.00,2.03,-2.57,0.00,-2.14,16.866,0.019,-0.651,0.006,0.197,0.209,24.947,0.109,1.722,0.109,-4.506,0.501,-32.697,0.491
2,1-6-22 11:31 PM,TRV1,1.25,0.00,1.09,-9.91,0.01,-9.53,8.660,0.021,-0.292,0.007,0.589,0.596,8.805,0.102,0.599,0.095,-2.040,0.834,-14.961,0.835
2,1-7-22 2:57 PM,ETH2,-9.97,0.00,-10.19,-19.05,0.01,-18.73,-12.141,0.023,-0.674,0.008,0.194,0.206,-11.456,0.118,-1.111,0.109,1.286,0.909,18.240,0.938
2,1-7-22 9:44 PM,ETH4,-10.05,0.00,-10.26,-19.19,0.00,-18.88,-12.130,0.015,-0.440,0.006,0.446,0.454,-11.741,0.098,-1.104,0.097,2.599,0.740,19.952,0.757
2,1-8-22 1:07 AM,IAEA-603,2.59,0.00,2.44,-2.79,0.00,-2.36,17.118,0.012,-0.569,0.004,0.285,0.296,24.507,0.079,1.727,0.076,-4.308,0.941,-32.471,0.924
2,1-10-22 2:46 PM,IAEA-C2,-8.09,0.00,-8.30,-9.38,0.00,-9.00,0.084,0.017,-0.262,0.006,0.627,0.633,9.929,0.081,0.692,0.074,-0.970,0.749,-5.674,0.752
2,1-10-22 6:08 PM,CAR1,4.43,0.00,4.29,-5.12,0.00,-4.71,16.507,0.013,-0.563,0.005,0.292,0.302,19.295,0.072,1.294,0.070,-4.100,0.731,-29.518,0.720
2,1-10-22 9:31 PM,TRV1,1.38,0.00,1.22,-9.95,0.01,-9.57,8.734,0.029,-0.298,0.010,0.582,0.589,8.693,0.067,0.569,0.063,-1.892,0.762,-14.859,0.761
2,1-11-22 4:19 AM,ETH1,2.13,0.00,1.98,-2.63,0.01,-2.21,16.748,0.029,-0.650,0.010,0.199,0.211,24.764,0.091,1.667,0.091,-4.215,0.830,-32.243,0.818
2,1-11-22 2:55 PM,ETH2,-9.94,0.00,-10.16,-18.99,0.01,-18.67,-12.053,0.027,-0.679,0.010,0.188,0.200,-11.301,0.109,-1.079,0.106,2.053,0.546,18.862,0.566
2,1-11-22 9:41 PM,CAR1,4.43,0.00,4.29,-5.09,0.00,-4.68,16.534,0.020,-0.559,0.006,0.296,0.307,19.350,0.079,1.285,0.075,-3.409,0.499,-28.898,0.496
2,1-12-22 1:03 AM,TRV1,1.33,0.00,1.17,-9.90,0.01,-9.53,8.723,0.023,-0.302,0.007,0.579,0.585,8.805,0.108,0.596,0.092,-2.023,1.173,-15.021,1.176
2,1-12-22 4:26 AM,ETH4,-10.03,0.00,-10.25,-19.14,0.00,-18.82,-12.067,0.032,-0.446,0.011,0.439,0.448,-11.626,0.098,-1.102,0.092,2.807,1.021,20.035,1.048
2,1-14-22 2:11 PM,ETH3,1.86,0.00,1.71,-2.21,0.01,-1.78,17.322,0.036,-0.266,0.009,0.611,0.617,25.906,0.103,1.931,0.088,-5.260,0.958,-33.824,0.948
2,1-14-22 8:58 PM,CAR1,4.40,0.00,4.26,-5.15,0.01,-4.74,16.440,0.024,-0.564,0.007,0.291,0.301,19.216,0.131,1.279,0.126,-3.722,0.668,-29.058,0.661
2,1-15-22 12:21 AM,IAEA-C2,-8.03,0.00,-8.23,-9.31,0.01,-8.93,0.221,0.026,-0.265,0.007,0.625,0.631,10.108,0.112,0.725,0.116,-1.085,0.716,-5.997,0.728
2,1-15-22 3:45 AM,TRV1,1.24,0.00,1.08,-9.96,0.01,-9.58,8.586,0.012,-0.297,0.006,0.583,0.590,8.618,0.089,0.520,0.084,-1.789,0.838,-14.598,0.837
2,1-17-22 12:57 PM,ETH3,1.83,0.00,1.68,-2.27,0.00,-1.84,17.225,0.020,-0.277,0.006,0.599,0.605,25.861,0.094,2.008,0.087,-5.034,0.645,-33.461,0.636
2,1-18-22 11:32 AM,ETH3,1.87,0.01,1.72,-2.18,0.01,-1.75,17.356,0.020,-0.265,0.004,0.612,0.618,26.019,0.129,1.994,0.114,-4.966,1.082,-33.590,1.073
2,1-19-22 2:41 PM,ETH2,-9.92,0.00,-10.13,-18.96,0.00,-18.65,-11.993,0.025,-0.670,0.010,0.199,0.211,-11.249,0.080,-1.075,0.075,1.740,0.746,18.467,0.767
2,1-19-22 6:04 PM,IAEA-C2,-8.03,0.00,-8.24,-9.30,0.01,-8.92,0.230,0.022,-0.260,0.007,0.630,0.636,10.126,0.083,0.725,0.077,-1.166,0.880,-6.088,0.890
2,1-19-22 9:27 PM,CAR1,4.43,0.00,4.29,-5.09,0.01,-4.68,16.549,0.023,-0.550,0.006,0.306,0.317,19.394,0.152,1.339,0.140,-4.402,0.815,-29.863,0.808
2,1-20-22 12:51 AM,TRV1,1.32,0.01,1.16,-9.89,0.01,-9.51,8.725,0.024,-0.306,0.007,0.574,0.580,8.822,0.133,0.582,0.119,-2.303,0.672,-15.316,0.682
2,1-20-22 4:14 AM,ETH3,1.88,0.00,1.72,-2.12,0.01,-1.69,17.412,0.020,-0.279,0.005,0.597,0.603,26.080,0.076,1.924,0.076,-4.123,0.811,-32.904,0.805
2,1-20-22 2:50 PM,ETH1,2.17,0.00,2.02,-2.67,0.01,-2.25,16.741,0.027,-0.655,0.007,0.194,0.205,24.732,0.101,1.720,0.094,-4.558,0.681,-32.536,0.679
2,1-20-22 6:13 PM,ETH4,-9.94,0.00,-10.15,-19.08,0.01,-18.76,-11.924,0.026,-0.459,0.006,0.425,0.433,-11.376,0.139,-0.962,0.133,1.356,0.600,18.343,0.621
2,1-20-22 9:37 PM,IAEA-603,2.62,0.01,2.47,-2.77,0.01,-2.35,17.182,0.025,-0.555,0.010,0.300,0.311,24.499,0.144,1.691,0.127,-4.921,1.109,-33.126,1.096
2,1-22-22 7:52 AM,TRV1,1.22,0.01,1.07,-9.86,0.01,-9.49,8.682,0.024,-0.285,0.003,0.596,0.603,8.854,0.109,0.561,0.099,-1.667,1.089,-14.650,1.100
2,1-22-22 6:07 PM,CAR1,4.43,0.00,4.29,-5.10,0.01,-4.69,16.528,0.031,-0.553,0.009,0.303,0.314,19.267,0.088,1.231,0.075,-4.068,0.982,-29.513,0.975
2,1-23-22 4:18 AM,IAEA-C2,-8.06,0.00,-8.26,-9.26,0.01,-8.87,0.253,0.018,-0.255,0.005,0.635,0.641,10.243,0.091,0.752,0.082,-1.017,0.779,-6.003,0.790
2,1-24-22 5:13 PM,TRV1,1.25,0.00,1.09,-9.94,0.01,-9.56,8.622,0.023,-0.295,0.005,0.585,0.592,8.762,0.127,0.617,0.114,-2.211,0.782,-15.066,0.785
2,1-25-22 6:09 PM,ETH1,2.22,0.00,2.07,-2.59,0.01,-2.17,16.871,0.037,-0.652,0.008,0.196,0.208,24.840,0.137,1.666,0.120,-4.363,0.792,-32.543,0.788
2,1-26-22 7:43 AM,CAR1,4.40,0.00,4.26,-5.15,0.01,-4.74,16.452,0.037,-0.559,0.010,0.296,0.307,19.194,0.098,1.249,0.086,-3.612,0.910,-28.960,0.909
2,1-26-22 6:07 PM,ETH3,1.90,0.00,1.75,-2.21,0.01,-1.78,17.357,0.030,-0.269,0.009,0.607,0.613,25.787,0.083,1.811,0.068,-4.738,0.887,-33.357,0.875
2,1-27-22 7:40 AM,TRV1,1.28,0.01,1.12,-9.90,0.01,-9.53,8.693,0.032,-0.288,0.008,0.593,0.599,8.784,0.141,0.572,0.130,-2.447,0.844,-15.394,0.855
2,1-28-22 3:34 PM,ETH4,-9.97,0.00,-10.19,-19.12,0.00,-18.81,-11.976,0.015,-0.430,0.006,0.456,0.465,-11.502,0.096,-1.000,0.092,1.737,0.407,18.859,0.424
2,1-29-22 8:41 AM,CAR1,4.42,0.00,4.28,-5.09,0.01,-4.68,16.531,0.024,-0.557,0.007,0.298,0.309,19.322,0.118,1.260,0.114,-4.221,0.528,-29.681,0.522
2,1-30-22 3:30 AM,ETH3,1.80,0.01,1.65,-2.27,0.02,-1.84,17.203,0.030,-0.258,0.008,0.619,0.625,25.700,0.167,1.860,0.141,-5.230,1.256,-33.613,1.256
3,3-11-22 1:37 PM,TRV1,1.28,0.01,0.99,-9.95,0.02,-9.60,8.664,0.039,-0.279,0.008,0.580,0.592,8.789,0.087,0.666,0.067,-3.644,0.650,-16.495,0.677
3,3-11-22 5:01 PM,CAR1,4.48,0.01,4.19,-5.08,0.02,-4.72,16.620,0.032,-0.535,0.005,0.293,0.303,19.430,0.086,1.354,0.058,-5.540,1.102,-31.036,1.112
3,3-11-22 8:24 PM,TRV1,1.42,0.01,1.12,-9.89,0.01,-9.55,8.863,0.031,-0.268,0.007,0.592,0.603,8.889,0.102,0.653,0.102,-3.640,0.713,-16.731,0.729
3,3-11-22 11:47 PM,IAEA-603,2.66,0.01,2.36,-2.66,0.01,-2.29,17.348,0.029,-0.541,0.005,0.287,0.296,24.735,0.114,1.700,0.098,-5.800,0.515,-34.229,0.522
3,3-14-22 5:34 PM,CAR1,4.48,0.01,4.19,-5.16,0.02,-4.80,16.528,0.029,-0.539,0.004,0.289,0.298,19.211,0.125,1.299,0.119,-4.582,0.575,-29.943,0.592
3,3-14-22 8:56 PM,TRV1,1.25,0.01,0.95,-9.88,0.02,-9.53,8.702,0.044,-0.284,0.008,0.574,0.586,8.877,0.108,0.611,0.087,-3.504,0.736,-16.467,0.771
3,3-15-22 12:20 AM,IAEA-C2,-8.00,0.01,-8.32,-9.38,0.02,-9.03,0.203,0.024,-0.237,0.008,0.633,0.645,9.930,0.122,0.692,0.101,-1.672,0.962,-6.466,0.995
3,3-15-22 6:15 PM,ETH1,2.31,0.01,2.01,-2.57,0.02,-2.20,17.009,0.047,-0.627,0.009,0.193,0.201,24.956,0.171,1.732,0.138,-4.946,0.702,-33.242,0.718
3,3-16-22 7:56 AM,CAR1,4.49,0.01,4.19,-5.07,0.01,-4.70,16.637,0.027,-0.534,0.004,0.294,0.304,19.383,0.120,1.279,0.101,-4.288,0.756,-29.847,0.764
3,3-16-22 7:19 PM,ETH4,-9.88,0.01,-10.21,-19.10,0.01,-18.79,-11.863,0.030,-0.434,0.007,0.428,0.438,-11.412,0.111,-0.965,0.104,0.883,0.578,17.843,0.609
3,3-17-22 9:02 AM,TRV1,1.33,0.01,1.03,-9.83,0.02,-9.48,8.827,0.055,-0.286,0.010,0.572,0.583,8.994,0.094,0.624,0.080,-2.688,0.860,-15.838,0.893
3,3-17-22 5:59 PM,ETH3,1.98,0.01,1.68,-2.18,0.03,-1.80,17.485,0.043,-0.249,0.007,0.605,0.617,25.946,0.195,1.913,0.149,-5.662,1.130,-34.383,1.155
3,3-18-22 7:35 AM,CAR1,4.40,0.01,4.11,-5.15,0.02,-4.79,16.464,0.043,-0.541,0.009,0.287,0.297,19.174,0.117,1.238,0.089,-4.505,0.771,-29.820,0.790
3,3-18-22 4:25 PM,IAEA-603,2.75,0.01,2.45,-2.79,0.03,-2.42,17.296,0.058,-0.544,0.007,0.283,0.292,24.429,0.208,1.655,0.160,-5.274,1.273,-33.557,1.300
3,3-19-22 9:29 AM,ETH2,-9.95,0.01,-10.27,-18.99,0.02,-18.69,-12.028,0.040,-0.639,0.006,0.203,0.212,-11.278,0.099,-1.037,0.076,1.662,0.646,18.488,0.703
3,3-21-22 6:35 PM,ETH1,2.32,0.02,2.02,-2.47,0.03,-2.09,17.127,0.071,-0.631,0.009,0.188,0.196,25.223,0.190,1.787,0.127,-5.346,1.217,-33.838,1.256
3,3-22-22 8:07 AM,TRV1,1.48,0.01,1.19,-9.84,0.02,-9.50,8.957,0.029,-0.293,0.005,0.565,0.576,8.928,0.143,0.591,0.121,-2.918,0.733,-16.185,0.762
3,3-22-22 6:50 PM,IAEA-C2,-7.90,0.01,-8.22,-9.31,0.02,-8.97,0.377,0.026,-0.226,0.006,0.644,0.656,10.128,0.116,0.752,0.095,-1.671,0.371,-6.697,0.396
3,3-23-22 8:29 AM,ETH2,-9.85,0.01,-10.18,-18.90,0.03,-18.60,-11.857,0.054,-0.657,0.012,0.184,0.192,-11.152,0.186,-1.102,0.146,1.988,0.805,18.526,0.874
3,3-23-22 2:11 PM,ETH1,2.34,0.00,2.04,-2.61,0.01,-2.24,17.002,0.021,-0.624,0.003,0.196,0.205,24.896,0.101,1.758,0.093,-5.670,0.494,-33.892,0.496
3,3-24-22 7:05 AM,IAEA-603,2.70,0.02,2.41,-2.66,0.03,-2.28,17.400,0.054,-0.546,0.010,0.281,0.290,24.795,0.206,1.741,0.146,-5.217,1.286,-33.725,1.321
3,3-24-22 3:14 PM,IAEA-C2,-7.90,0.01,-8.22,-9.29,0.02,-8.94,0.385,0.037,-0.245,0.006,0.624,0.636,10.123,0.151,0.694,0.124,-1.637,0.732,-6.715,0.780
3,3-25-22 8:22 AM,TRV1,1.40,0.02,1.10,-9.91,0.03,-9.57,8.809,0.050,-0.285,0.008,0.573,0.585,8.796,0.250,0.603,0.194,-3.685,1.039,-16.718,1.093
3,3-26-22 5:58 AM,CAR1,4.51,0.01,4.22,-5.00,0.02,-4.64,16.732,0.023,-0.545,0.006,0.283,0.292,19.757,0.087,1.512,0.070,-5.421,0.694,-31.108,0.707
3,3-26-22 9:25 AM,ETH3,1.97,0.01,1.67,-2.02,0.03,-1.64,17.643,0.050,-0.256,0.007,0.597,0.609,26.380,0.148,2.011,0.095,-6.742,1.195,-35.736,1.228
3,3-27-22 11:06 AM,ETH4,-9.86,0.01,-10.18,-19.20,0.02,-18.90,-11.950,0.040,-0.428,0.004,0.434,0.444,-11.674,0.072,-1.009,0.068,0.713,0.725,17.870,0.786
3,3-27-22 2:29 PM,TRV1,1.47,0.01,1.17,-9.91,0.03,-9.57,8.893,0.044,-0.276,0.006,0.583,0.595,8.842,0.176,0.642,0.129,-3.157,0.895,-16.275,0.940
3,3-28-22 7:35 AM,CAR1,4.51,0.01,4.22,-5.07,0.03,-4.71,16.656,0.053,-0.540,0.006,0.288,0.298,19.411,0.144,1.313,0.091,-4.379,1.157,-29.955,1.199
3,3-28-22 3:49 PM,ETH1,2.34,0.01,2.05,-2.55,0.02,-2.18,17.062,0.027,-0.630,0.008,0.189,0.198,25.013,0.111,1.755,0.086,-5.744,0.678,-34.082,0.697
3,3-29-22 8:50 AM,TRV1,1.37,0.01,1.07,-9.92,0.02,-9.58,8.771,0.045,-0.278,0.008,0.581,0.593,8.778,0.147,0.600,0.107,-2.917,0.960,-15.911,0.999
3,3-29-22 4:49 PM,ETH3,2.07,0.01,1.78,-2.15,0.02,-1.78,17.589,0.032,-0.259,0.005,0.594,0.606,25.920,0.135,1.838,0.114,-5.386,0.556,-34.251,0.579
3,3-30-22 6:21 AM,CAR1,4.51,0.01,4.22,-5.11,0.02,-4.74,16.629,0.037,-0.528,0.006,0.301,0.310,19.358,0.093,1.332,0.080,-5.487,0.766,-30.963,0.782
3,4-1-22 7:23 PM,CAR1,4.66,0.01,4.37,-5.08,0.02,-4.72,16.803,0.037,-0.535,0.008,0.293,0.302,19.515,0.104,1.432,0.082,-5.749,0.642,-31.415,0.669
3,4-1-22 10:48 PM,ETH4,-9.86,0.01,-10.19,-19.09,0.03,-18.79,-11.830,0.045,-0.419,0.011,0.443,0.454,-11.389,0.172,-0.947,0.122,0.520,0.999,17.447,1.079
3,4-4-22 4:33 PM,CAR1,4.58,0.01,4.29,-5.11,0.02,-4.74,16.694,0.043,-0.540,0.007,0.288,0.297,19.407,0.177,1.378,0.140,-5.586,0.966,-31.132,0.992
3,4-5-22 9:48 AM,ETH1,2.26,0.01,1.97,-2.57,0.03,-2.19,16.951,0.048,-0.642,0.007,0.176,0.184,24.978,0.148,1.748,0.110,-5.273,1.133,-33.522,1.159
3,4-5-22 6:15 PM,ETH4,-9.78,0.01,-10.10,-19.12,0.03,-18.82,-11.775,0.040,-0.415,0.004,0.448,0.459,-11.494,0.161,-0.994,0.123,1.573,1.148,18.491,1.231
3,4-6-22 7:46 AM,CAR1,4.57,0.01,4.28,-5.00,0.03,-4.63,16.790,0.053,-0.545,0.008,0.282,0.291,19.647,0.191,1.395,0.135,-5.688,1.091,-31.434,1.128
3,4-6-22 1:45 PM,ETH3,2.05,0.01,1.75,-2.21,0.03,-1.83,17.518,0.047,-0.255,0.010,0.599,0.611,25.910,0.129,1.936,0.082,-6.219,0.829,-34.933,0.863
3,4-7-22 6:45 AM,CAR1,4.46,0.01,4.17,-5.06,0.01,-4.69,16.619,0.034,-0.543,0.008,0.284,0.294,19.488,0.075,1.363,0.058,-5.582,0.803,-31.104,0.811
3,4-8-22 8:08 AM,ETH1,2.28,0.01,1.99,-2.50,0.02,-2.12,17.075,0.035,-0.618,0.006,0.203,0.211,24.912,0.110,1.539,0.082,-5.315,0.854,-33.722,0.876
3,4-8-22 5:54 PM,ETH4,-9.75,0.01,-10.07,-19.02,0.02,-18.72,-11.648,0.026,-0.426,0.003,0.436,0.446,-11.248,0.153,-0.956,0.132,0.624,0.636,17.282,0.670
3,4-9-22 7:32 AM,TRV1,1.40,0.01,1.10,-9.82,0.01,-9.48,8.919,0.017,-0.266,0.007,0.593,0.605,8.938,0.119,0.564,0.095,-3.551,0.718,-16.761,0.737
3,4-9-22 3:39 PM,TRV1,1.41,0.01,1.11,-9.88,0.03,-9.54,8.859,0.059,-0.280,0.008,0.579,0.591,8.893,0.188,0.636,0.129,-4.388,1.141,-17.485,1.197
3,4-10-22 5:14 AM,ETH3,1.98,0.01,1.68,-2.03,0.03,-1.66,17.614,0.052,-0.269,0.008,0.583,0.595,26.351,0.168,2.019,0.129,-7.495,1.239,-36.435,1.255
3,4-10-22 9:44 AM,ETH4,-9.91,0.01,-10.23,-19.12,0.02,-18.81,-11.899,0.036,-0.426,0.007,0.436,0.447,-11.365,0.155,-0.876,0.134,0.341,0.643,17.356,0.694
3,4-10-22 8:00 PM,ETH3,2.06,0.01,1.76,-2.02,0.02,-1.65,17.726,0.054,-0.251,0.008,0.602,0.614,26.248,0.140,1.896,0.095,-6.979,1.217,-36.040,1.232
3,4-11-22 6:13 AM,TRV1,1.12,0.01,0.82,-9.84,0.02,-9.50,8.625,0.035,-0.268,0.007,0.592,0.603,8.957,0.145,0.620,0.098,-3.536,0.984,-16.437,1.025
3,4-11-22 6:04 PM,CAR1,4.57,0.01,4.28,-5.04,0.02,-4.68,16.758,0.046,-0.533,0.008,0.296,0.305,19.536,0.119,1.379,0.073,-6.097,1.020,-31.744,1.046
3,4-12-22 4:21 PM,ETH3,1.96,0.01,1.66,-2.14,0.02,-1.76,17.509,0.048,-0.245,0.008,0.609,0.621,25.909,0.094,1.790,0.082,-5.737,0.714,-34.519,0.736
3,4-13-22 6:01 PM,ETH1,2.28,0.01,1.98,-2.59,0.03,-2.22,16.949,0.043,-0.635,0.006,0.184,0.192,24.833,0.162,1.653,0.117,-5.334,1.012,-33.548,1.037
3,4-14-22 7:35 AM,ETH2,-9.92,0.01,-10.24,-19.01,0.02,-18.71,-12.027,0.027,-0.647,0.005,0.195,0.204,-11.336,0.087,-1.057,0.064,1.969,0.492,18.809,0.535
3,4-14-22 5:37 PM,IAEA-603,2.76,0.01,2.46,-2.79,0.02,-2.41,17.317,0.033,-0.535,0.008,0.293,0.302,24.304,0.093,1.530,0.088,-5.466,0.659,-33.756,0.677
3,4-15-22 7:10 AM,TRV1,1.29,0.01,0.99,-9.92,0.02,-9.57,8.723,0.034,-0.260,0.004,0.601,0.613,8.610,0.129,0.425,0.098,-2.593,0.657,-15.530,0.683
3,4-15-22 4:41 PM,ETH4,-9.92,0.01,-10.24,-19.15,0.03,-18.85,-11.946,0.033,-0.424,0.007,0.439,0.449,-11.514,0.167,-0.954,0.117,0.385,1.414,17.489,1.512
3,4-15-22 8:06 PM,IAEA-603,2.57,0.01,2.27,-2.88,0.02,-2.50,17.028,0.030,-0.545,0.005,0.282,0.292,24.168,0.152,1.577,0.127,-5.404,0.842,-33.343,0.854
3,4-15-22 11:29 PM,TRV1,1.30,0.01,1.00,-9.89,0.02,-9.55,8.729,0.033,-0.275,0.005,0.584,0.595,8.806,0.127,0.577,0.087,-3.186,1.020,-16.157,1.053
3,4-19-22 3:58 PM,CAR1,4.57,0.01,4.28,-5.19,0.02,-4.83,16.603,0.029,-0.529,0.007,0.300,0.310,19.128,0.088,1.277,0.061,-5.705,0.498,-31.073,0.513
3,4-19-22 7:22 PM,IAEA-C2,-7.92,0.01,-8.24,-9.38,0.02,-9.03,0.275,0.025,-0.241,0.003,0.628,0.641,9.891,0.131,0.650,0.099,-2.211,0.813,-7.082,0.845
3,4-20-22 8:58 AM,ETH1,2.23,0.01,1.93,-2.67,0.03,-2.30,16.825,0.058,-0.625,0.009,0.195,0.204,24.578,0.181,1.568,0.132,-4.738,1.064,-32.769,1.094
3,4-23-22 5:46 PM,CAR1,4.55,0.01,4.26,-5.10,0.02,-4.73,16.656,0.037,-0.553,0.011,0.274,0.283,19.294,0.125,1.251,0.107,-5.460,0.624,-30.998,0.647
3,4-25-22 5:43 PM,TRV1,1.44,0.01,1.14,-9.97,0.02,-9.63,8.788,0.027,-0.278,0.006,0.580,0.592,8.688,0.116,0.612,0.075,-3.134,0.827,-16.095,0.855
3,4-25-22 9:05 PM,CAR1,4.60,0.01,4.31,-5.15,0.03,-4.79,16.659,0.044,-0.545,0.008,0.282,0.292,19.245,0.128,1.306,0.101,-5.359,0.885,-30.844,0.916
3,4-26-22 12:29 AM,ETH1,2.28,0.01,1.99,-2.60,0.02,-2.22,16.955,0.045,-0.632,0.008,0.187,0.196,24.818,0.081,1.652,0.088,-5.139,0.864,-33.354,0.890
3,4-26-22 3:51 AM,IAEA-C2,-7.93,0.00,-8.25,-9.35,0.01,-9.00,0.297,0.030,-0.242,0.008,0.627,0.640,10.039,0.127,0.736,0.118,-1.631,0.396,-6.557,0.409
3,4-26-22 6:40 PM,ETH2,-9.83,0.01,-10.15,-18.97,0.02,-18.66,-11.866,0.042,-0.626,0.007,0.218,0.226,-11.222,0.124,-1.036,0.102,0.916,0.862,17.547,0.917
3,4-27-22 8:22 AM,CAR1,4.49,0.01,4.20,-5.12,0.02,-4.75,16.590,0.047,-0.534,0.006,0.294,0.304,19.268,0.103,1.264,0.073,-5.221,0.716,-30.665,0.744
3,4-27-22 6:26 PM,ETH4,-9.79,0.01,-10.11,-19.12,0.03,-18.81,-11.780,0.062,-0.423,0.011,0.439,0.450,-11.335,0.128,-0.849,0.087,-0.107,1.173,16.776,1.252
3,4-28-22 8:00 AM,TRV1,1.25,0.01,0.95,-9.85,0.02,-9.51,8.728,0.048,-0.274,0.006,0.585,0.597,8.887,0.179,0.570,0.149,-3.314,1.012,-16.323,1.056
3,4-28-22 5:43 PM,ETH2,-9.84,0.01,-10.17,-18.99,0.02,-18.69,-11.920,0.034,-0.640,0.007,0.202,0.211,-11.157,0.128,-0.922,0.094,-0.120,0.559,16.562,0.609
3,4-29-22 7:17 AM,CAR1,4.40,0.01,4.10,-5.15,0.02,-4.78,16.470,0.041,-0.530,0.007,0.299,0.309,19.112,0.130,1.170,0.104,-5.150,0.872,-30.449,0.894
3,4-29-22 6:42 PM,IAEA-603,2.75,0.01,2.46,-2.80,0.02,-2.42,17.310,0.044,-0.530,0.009,0.298,0.308,24.429,0.093,1.670,0.082,-6.692,1.057,-34.928,1.070
3,4-30-22 8:19 AM,TRV1,1.23,0.01,0.93,-9.84,0.03,-9.50,8.712,0.040,-0.279,0.007,0.579,0.591,8.900,0.154,0.566,0.108,-3.286,1.761,-16.294,1.801
3,4-30-22 12:54 PM,ETH2,-9.74,0.01,-10.06,-18.92,0.01,-18.62,-11.748,0.024,-0.635,0.008,0.208,0.217,-11.055,0.075,-0.954,0.057,1.123,0.768,17.582,0.808
3,5-1-22 1:41 PM,ETH3,2.05,0.01,1.75,-2.14,0.02,-1.76,17.586,0.025,-0.257,0.006,0.596,0.608,25.928,0.117,1.809,0.083,-6.200,0.995,-35.051,1.003
3,5-3-22 6:49 AM,CAR1,4.50,0.01,4.21,-5.08,0.02,-4.72,16.631,0.044,-0.546,0.007,0.281,0.291,19.328,0.073,1.249,0.058,-5.133,0.648,-30.667,0.670
3,5-3-22 7:27 PM,IAEA-C2,-7.86,0.01,-8.18,-9.25,0.01,-8.90,0.471,0.032,-0.244,0.006,0.624,0.637,10.247,0.097,0.739,0.075,-2.532,0.825,-7.725,0.853
3,5-4-22 8:59 AM,CAR1,4.47,0.01,4.18,-5.09,0.02,-4.72,16.597,0.024,-0.538,0.005,0.290,0.299,19.246,0.162,1.178,0.136,-4.970,1.285,-30.462,1.295
3,5-4-22 6:13 PM,ETH1,2.35,0.01,2.05,-2.55,0.02,-2.17,17.071,0.039,-0.631,0.007,0.188,0.197,24.874,0.164,1.602,0.131,-5.127,1.192,-33.509,1.198
3,5-5-22 7:44 AM,ETH4,-9.92,0.01,-10.24,-19.09,0.02,-18.79,-11.871,0.041,-0.414,0.006,0.449,0.460,-11.311,0.179,-0.873,0.149,0.061,1.100,17.031,1.160
3,5-5-22 7:52 PM,ETH2,-9.78,0.01,-10.10,-18.99,0.01,-18.69,-11.859,0.034,-0.639,0.009,0.203,0.212,-11.137,0.126,-0.899,0.111,0.339,0.822,16.968,0.857
3,5-6-22 6:01 AM,TRV1,1.38,0.01,1.08,-9.86,0.02,-9.52,8.843,0.032,-0.282,0.006,0.577,0.588,8.907,0.112,0.608,0.094,-3.245,1.321,-16.368,1.336
3,5-6-22 4:21 PM,ETH3,2.11,0.00,1.81,-2.17,0.01,-1.79,17.621,0.025,-0.243,0.007,0.611,0.624,25.848,0.087,1.798,0.073,-6.549,1.068,-35.385,1.060
3,5-7-22 5:56 AM,TRV1,1.38,0.01,1.08,-9.96,0.01,-9.61,8.736,0.022,-0.289,0.004,0.568,0.580,8.751,0.158,0.644,0.140,-4.437,1.121,-17.354,1.135
3,5-7-22 10:38 AM,ETH3,1.89,0.01,1.60,-2.19,0.01,-1.81,17.373,0.033,-0.258,0.010,0.596,0.608,25.808,0.092,1.804,0.078,-6.425,1.045,-35.015,1.032
3,5-7-22 8:47 PM,IAEA-C2,-7.99,0.00,-8.31,-9.32,0.00,-8.97,0.277,0.026,-0.234,0.008,0.635,0.647,9.961,0.105,0.592,0.100,-1.162,1.360,-6.098,1.358
3,5-8-22 3:36 AM,TRV1,1.31,0.01,1.01,-9.89,0.01,-9.54,8.758,0.030,-0.275,0.007,0.584,0.596,8.858,0.092,0.610,0.083,-5.060,1.062,-18.042,1.065
3,5-10-22 4:41 PM,CAR1,4.51,0.01,4.22,-5.18,0.02,-4.82,16.550,0.043,-0.531,0.007,0.298,0.307,19.153,0.078,1.285,0.056,-5.094,0.596,-30.436,0.615
3,5-10-22 8:04 PM,TRV1,1.30,0.02,1.00,-9.95,0.04,-9.60,8.686,0.041,-0.272,0.011,0.587,0.599,8.733,0.206,0.608,0.142,-3.333,1.208,-16.206,1.268
3,5-11-22 6:14 AM,ETH1,2.11,0.01,1.81,-2.70,0.02,-2.32,16.690,0.037,-0.619,0.008,0.202,0.210,24.622,0.101,1.660,0.069,-5.351,0.473,-33.201,0.489
3,5-11-22 6:31 PM,CAR1,4.49,0.00,4.20,-5.21,0.00,-4.85,16.497,0.018,-0.526,0.006,0.303,0.313,18.958,0.142,1.155,0.139,-5.733,1.270,-30.978,1.240
3,5-12-22 6:24 AM,ETH2,-9.98,0.00,-10.30,-19.10,0.01,-18.80,-12.158,0.025,-0.633,0.007,0.210,0.219,-11.486,0.083,-1.029,0.077,1.362,0.765,18.437,0.789
3,5-12-22 4:47 PM,TRV1,1.45,0.11,1.15,-9.87,0.16,-9.52,8.871,0.117,-0.259,0.121,0.601,0.613,8.783,2.164,0.600,2.443,-3.385,37.436,-16.461,36.496
3,5-13-22 9:43 AM,ETH4,-9.95,0.01,-10.27,-19.04,0.01,-18.74,-11.860,0.038,-0.425,0.007,0.437,0.447,-11.232,0.123,-0.901,0.103,2.172,1.135,19.102,1.188
3,5-14-22 6:20 PM,ETH3,2.09,0.01,1.79,-2.11,0.01,-1.74,17.655,0.017,-0.253,0.004,0.600,0.612,25.984,0.121,1.820,0.110,-6.163,1.278,-35.101,1.261
3,5-15-22 4:29 AM,CAR1,4.54,0.01,4.25,-5.07,0.01,-4.70,16.689,0.034,-0.532,0.007,0.296,0.306,19.306,0.142,1.204,0.122,-5.015,1.052,-30.608,1.042
3,5-15-22 7:53 AM,IAEA-603,2.73,0.00,2.43,-2.70,0.00,-2.33,17.400,0.023,-0.517,0.007,0.313,0.322,24.531,0.104,1.576,0.099,-5.968,1.220,-34.390,1.190
3,5-16-22 5:11 AM,TRV1,1.39,0.00,1.09,-9.91,0.01,-9.56,8.810,0.035,-0.270,0.009,0.589,0.601,8.722,0.100,0.518,0.091,-2.918,1.101,-15.962,1.104
3,5-16-22 7:08 PM,IAEA-C2,-7.89,0.00,-8.21,-9.39,0.01,-9.04,0.319,0.034,-0.222,0.010,0.649,0.661,9.915,0.123,0.690,0.115,-3.513,1.036,-8.393,1.036
3,5-17-22 8:45 AM,TRV1,1.39,0.00,1.09,-9.98,0.01,-9.64,8.725,0.030,-0.279,0.007,0.579,0.591,8.618,0.107,0.560,0.093,-3.969,1.059,-16.851,1.063
3,5-17-22 5:42 PM,ETH1,2.41,0.00,2.11,-2.68,0.00,-2.30,16.999,0.015,-0.615,0.006,0.206,0.214,24.449,0.155,1.449,0.156,-5.763,1.638,-33.926,1.586
3,5-18-22 7:17 AM,CAR1,4.46,0.00,4.17,-5.18,0.00,-4.81,16.492,0.027,-0.535,0.009,0.293,0.303,18.934,0.100,1.052,0.101,-4.156,1.034,-29.489,1.005
3,5-19-22 5:52 PM,ETH3,2.18,0.01,1.89,-2.26,0.01,-1.89,17.614,0.031,-0.229,0.008,0.627,0.639,25.644,0.106,1.787,0.100,-6.733,1.649,-35.454,1.620
3,5-20-22 7:26 AM,TRV1,1.25,0.01,0.95,-10.05,0.01,-9.71,8.532,0.039,-0.262,0.008,0.598,0.610,8.430,0.198,0.523,0.178,-3.832,1.163,-16.438,1.176
3,5-20-22 3:31 PM,CAR1,4.61,0.01,4.32,-5.19,0.01,-4.82,16.645,0.030,-0.523,0.006,0.307,0.316,19.016,0.112,1.153,0.100,-5.185,1.382,-30.614,1.372
3,5-20-22 6:54 PM,TRV1,1.38,0.01,1.08,-9.99,0.02,-9.65,8.716,0.025,-0.274,0.007,0.585,0.597,8.569,0.147,0.536,0.121,-3.578,1.360,-16.439,1.378
3,5-23-22 2:39 PM,CAR1,4.73,0.01,4.43,-5.18,0.02,-4.82,16.756,0.038,-0.535,0.008,0.293,0.302,19.070,0.117,1.199,0.076,-4.738,0.925,-30.296,0.954
3,5-23-22 6:02 PM,TRV1,1.60,0.01,1.30,-9.90,0.03,-9.56,9.030,0.040,-0.268,0.008,0.591,0.603,8.839,0.160,0.618,0.114,-2.798,1.036,-16.065,1.076
3,5-24-22 7:46 AM,IAEA-C2,-8.05,0.01,-8.37,-9.51,0.02,-9.17,0.020,0.032,-0.226,0.005,0.645,0.657,9.610,0.116,0.646,0.091,-2.958,1.226,-7.422,1.262
3,5-24-22 3:35 PM,ETH2,-9.85,0.00,-10.18,-19.12,0.01,-18.82,-12.052,0.031,-0.624,0.006,0.219,0.228,-11.414,0.138,-0.908,0.125,-0.234,0.787,16.736,0.825
3,5-25-22 5:15 AM,IAEA-603,2.72,0.02,2.43,-2.91,0.04,-2.54,17.175,0.058,-0.513,0.004,0.317,0.326,24.063,0.089,1.538,0.117,-7.582,1.979,-35.547,1.835
4,6-2-22 3:07 PM,ETH2,-9.79,0.00,-10.30,-19.22,0.01,-18.88,-12.069,0.023,-0.639,0.006,0.195,0.191,-11.261,0.139,-0.560,0.129,-0.096,3.211,17.009,3.281
4,6-2-22 6:30 PM,TRV1,1.35,0.00,0.96,-10.03,0.01,-9.60,8.640,0.015,-0.250,0.005,0.610,0.613,8.278,0.104,0.335,0.103,-7.734,1.795,-20.425,1.784
4,6-6-22 7:14 PM,ETH4,-9.68,0.00,-10.19,-19.28,0.01,-18.94,-11.800,0.024,-0.396,0.005,0.463,0.464,-11.415,0.129,-0.587,0.117,0.920,3.149,18.063,3.223
4,6-6-22 10:37 PM,TRV1,1.54,0.00,1.15,-10.12,0.01,-9.69,8.740,0.030,-0.250,0.009,0.610,0.613,8.085,0.152,0.313,0.138,-7.380,3.192,-20.090,3.168
4,6-7-22 3:48 PM,IAEA-603,2.91,0.00,2.54,-2.90,0.00,-2.39,17.323,0.020,-0.530,0.006,0.296,0.293,23.427,0.111,0.890,0.104,-11.917,2.355,-39.965,2.296
4,6-7-22 7:12 PM,CAR1,4.68,0.00,4.32,-5.27,0.01,-4.79,16.591,0.028,-0.519,0.009,0.308,0.306,18.410,0.182,0.736,0.169,-12.044,3.427,-37.190,3.354
4,6-8-22 3:03 PM,ETH1,2.45,0.00,2.07,-2.80,0.00,-2.29,16.891,0.025,-0.609,0.007,0.208,0.205,23.683,0.139,0.940,0.128,-13.052,2.657,-40.817,2.593
4,6-8-22 6:26 PM,ETH2,-9.72,0.00,-10.23,-19.18,0.01,-18.84,-11.950,0.037,-0.612,0.009,0.225,0.221,-11.327,0.153,-0.704,0.142,2.188,3.013,19.183,3.086
4,6-8-22 9:50 PM,ETH3,2.06,0.00,1.68,-2.51,0.00,-1.99,17.179,0.011,-0.251,0.004,0.603,0.607,24.418,0.054,1.076,0.051,-12.061,1.779,-40.043,1.734
4,6-9-22 1:15 AM,ETH4,-9.91,0.00,-10.41,-19.28,0.01,-18.94,-12.015,0.036,-0.398,0.008,0.461,0.462,-11.413,0.198,-0.590,0.187,1.682,4.350,19.061,4.447
4,6-10-22 2:16 PM,IAEA-C2,-7.76,0.00,-8.24,-9.46,0.00,-9.02,0.371,0.030,-0.230,0.010,0.637,0.641,9.516,0.117,0.433,0.117,-6.452,2.037,-11.313,2.032
4,6-10-22 5:41 PM,ETH1,2.34,0.00,1.96,-2.80,0.01,-2.29,16.797,0.061,-0.599,0.017,0.220,0.216,23.760,0.150,1.019,0.136,-16.195,4.534,-43.765,4.425
4,6-11-22 12:31 AM,ETH3,2.14,0.00,1.75,-2.40,0.01,-1.89,17.364,0.017,-0.241,0.005,0.614,0.617,24.523,0.145,0.972,0.136,-11.609,2.469,-39.873,2.404
4,6-11-22 3:55 AM,ETH4,-9.64,0.00,-10.15,-19.14,0.01,-18.80,-11.618,0.025,-0.400,0.007,0.458,0.459,-11.110,0.185,-0.566,0.180,-0.946,3.096,15.829,3.163
4,6-13-22 3:13 PM,IAEA-603,2.86,0.00,2.49,-2.94,0.01,-2.43,17.244,0.035,-0.518,0.009,0.309,0.307,23.415,0.177,0.957,0.162,-13.872,3.376,-41.737,3.299
4,6-14-22 4:59 AM,CAR1,4.61,0.00,4.25,-5.28,0.00,-4.80,16.507,0.027,-0.520,0.008,0.307,0.305,18.293,0.135,0.642,0.128,-12.025,2.951,-37.085,2.884
4,6-14-22 2:54 PM,ETH1,2.21,0.00,1.83,-2.75,0.00,-2.24,16.707,0.024,-0.614,0.008,0.203,0.199,23.814,0.142,0.966,0.137,-14.414,2.751,-42.014,2.676
4,6-15-22 4:38 AM,ETH4,-9.79,0.00,-10.29,-19.21,0.00,-18.87,-11.838,0.018,-0.415,0.006,0.442,0.442,-11.312,0.078,-0.642,0.079,0.842,2.624,17.929,2.673
4,6-16-22 1:20 AM,IAEA-C2,-7.80,0.00,-8.29,-9.43,0.00,-8.99,0.373,0.022,-0.212,0.007,0.657,0.661,9.583,0.117,0.446,0.115,-8.846,2.651,-13.706,2.639
4,6-16-22 4:47 AM,ETH2,-9.74,0.00,-10.24,-19.11,0.00,-18.76,-11.884,0.024,-0.615,0.008,0.222,0.218,-11.052,0.130,-0.584,0.126,-0.884,2.891,15.912,2.945
4,6-16-22 4:33 PM,ETH3,2.12,0.00,1.74,-2.40,0.00,-1.89,17.348,0.027,-0.243,0.009,0.612,0.616,24.515,0.055,0.967,0.048,-13.991,2.398,-42.171,2.338
4,6-17-22 11:57 AM,TRV1,1.50,0.00,1.11,-10.00,0.00,-9.56,8.817,0.028,-0.264,0.009,0.594,0.597,8.460,0.168,0.444,0.165,-11.825,2.503,-24.676,2.473
4,6-18-22 3:42 PM,TRV1,1.49,0.00,1.11,-9.85,0.01,-9.41,8.960,0.025,-0.269,0.008,0.588,0.591,8.636,0.135,0.310,0.141,-8.119,4.301,-21.317,4.235
4,6-18-22 7:06 PM,CAR1,4.69,0.00,4.33,-5.07,0.00,-4.59,16.800,0.014,-0.526,0.004,0.300,0.298,18.712,0.123,0.628,0.126,-11.715,4.251,-37.270,4.136
4,6-19-22 2:51 PM,IAEA-603,2.97,0.00,2.60,-2.69,0.00,-2.18,17.591,0.020,-0.532,0.007,0.293,0.290,23.822,0.091,0.859,0.095,-14.477,2.894,-42.904,2.807
4,6-20-22 4:33 AM,ETH4,-9.78,0.00,-10.28,-19.06,0.00,-18.72,-11.669,0.018,-0.401,0.007,0.457,0.457,-11.004,0.125,-0.621,0.131,4.027,2.390,20.858,2.422
4,6-21-22 5:35 PM,ETH1,2.37,0.00,1.99,-2.54,0.00,-2.03,17.069,0.020,-0.619,0.006,0.197,0.193,24.087,0.128,0.820,0.127,-10.155,2.342,-38.424,2.277
4,6-22-22 7:12 AM,TRV1,1.51,0.00,1.12,-9.87,0.01,-9.43,8.940,0.018,-0.275,0.007,0.582,0.585,8.439,0.140,0.162,0.141,-3.728,3.576,-16.953,3.530
4,6-22-22 3:05 PM,ETH3,2.13,0.00,1.75,-2.13,0.00,-1.61,17.643,0.019,-0.251,0.006,0.602,0.606,25.137,0.089,1.016,0.086,-12.833,3.206,-41.594,3.115
4,6-23-22 4:47 AM,IAEA-C2,-7.83,0.00,-8.32,-9.24,0.00,-8.80,0.499,0.017,-0.243,0.005,0.623,0.627,9.899,0.133,0.379,0.131,-3.888,2.368,-9.114,2.358
4,6-23-22 4:52 PM,ETH2,-9.63,0.00,-10.13,-18.99,0.00,-18.64,-11.662,0.022,-0.622,0.007,0.214,0.210,-10.885,0.093,-0.660,0.093,2.248,2.243,18.735,2.286
4,6-24-22 6:40 AM,TRV1,1.58,0.01,1.20,-9.78,0.01,-9.34,9.119,0.024,-0.265,0.006,0.593,0.596,8.747,0.145,0.284,0.131,-7.832,2.871,-21.254,2.853
4,6-24-22 5:14 PM,ETH2,-9.41,0.00,-9.91,-18.66,0.00,-18.31,-11.102,0.025,-0.615,0.008,0.221,0.218,-10.159,0.103,-0.598,0.105,2.363,3.783,17.940,3.840
4,6-25-22 7:04 AM,IAEA-C2,-7.79,0.00,-8.27,-9.24,0.01,-8.80,0.549,0.030,-0.239,0.010,0.628,0.631,9.880,0.106,0.363,0.118,-6.519,2.798,-11.774,2.767
4,6-25-22 4:17 PM,ETH4,-9.63,0.00,-10.14,-19.06,0.01,-18.71,-11.523,0.032,-0.408,0.009,0.449,0.450,-10.861,0.080,-0.493,0.070,0.389,2.154,16.997,2.204
4,6-26-22 5:59 AM,IAEA-603,2.90,0.00,2.53,-2.67,0.01,-2.16,17.548,0.024,-0.523,0.008,0.303,0.301,23.803,0.127,0.803,0.116,-10.570,3.091,-39.082,3.015
4,6-27-22 1:46 AM,ETH1,2.40,0.00,2.02,-2.51,0.00,-2.00,17.118,0.022,-0.625,0.008,0.191,0.187,24.145,0.100,0.824,0.093,-11.290,2.146,-39.605,2.095
4,7-3-22 2:56 PM,ETH3,2.22,0.00,1.84,-2.13,0.01,-1.62,17.730,0.023,-0.253,0.007,0.601,0.604,25.312,0.155,1.197,0.145,-13.606,2.760,-42.420,2.690
4,7-4-22 3:43 AM,IAEA-C2,-7.67,0.00,-8.16,-9.23,0.01,-8.79,0.682,0.025,-0.226,0.007,0.642,0.646,9.925,0.208,0.389,0.198,-5.875,4.406,-11.266,4.393
4,7-5-22 3:27 PM,ETH2,-9.44,0.00,-9.94,-18.92,0.00,-18.58,-11.408,0.021,-0.620,0.007,0.216,0.212,-10.652,0.115,-0.555,0.114,-0.327,3.080,15.791,3.136
5,7-20-22 3:10 PM,ETH1,2.76,0.00,2.04,-2.57,0.01,-2.14,17.437,0.023,-0.618,0.006,0.183,0.192,24.455,0.174,0.945,0.165,-16.176,3.065,-44.734,2.987
5,7-20-22 6:33 PM,ETH2,-9.44,0.00,-10.15,-19.00,0.00,-18.66,-11.488,0.025,-0.631,0.009,0.189,0.198,-10.521,0.099,-0.553,0.099,-1.107,2.640,15.011,2.687
5,7-20-22 9:56 PM,ETH3,2.45,0.00,1.73,-2.13,0.00,-1.70,17.952,0.018,-0.255,0.005,0.591,0.603,25.453,0.151,1.048,0.141,-16.443,3.115,-45.526,3.032
5,7-21-22 1:20 AM,ETH4,-9.53,0.00,-10.24,-19.15,0.00,-18.81,-11.495,0.020,-0.396,0.008,0.452,0.464,-10.728,0.160,-0.456,0.154,-2.255,3.254,14.245,3.319
5,7-21-22 4:43 AM,TRV1,1.73,0.00,1.02,-9.91,0.01,-9.52,9.133,0.019,-0.276,0.005,0.572,0.585,8.833,0.083,0.339,0.074,-9.625,3.146,-23.061,3.118
5,7-21-22 4:23 PM,ETH1,2.75,0.00,2.03,-2.59,0.01,-2.16,17.412,0.027,-0.605,0.008,0.198,0.207,24.282,0.122,0.821,0.111,-15.631,2.529,-44.152,2.465
5,7-21-22 7:46 PM,ETH2,-9.41,0.00,-10.11,-19.01,0.01,-18.66,-11.464,0.027,-0.636,0.008,0.183,0.192,-10.543,0.141,-0.565,0.135,-0.225,2.990,15.882,3.049
5,7-21-22 11:09 PM,ETH3,2.39,0.00,1.67,-2.14,0.01,-1.71,17.905,0.024,-0.242,0.007,0.605,0.618,25.440,0.150,1.046,0.140,-18.523,2.539,-47.483,2.475
5,7-22-22 2:34 AM,ETH4,-9.55,0.00,-10.26,-19.11,0.01,-18.77,-11.476,0.021,-0.405,0.007,0.442,0.453,-10.592,0.123,-0.397,0.118,-7.015,3.225,9.347,3.295
5,7-22-22 5:58 AM,CAR1,4.80,0.00,4.08,-5.16,0.01,-4.75,16.821,0.021,-0.530,0.006,0.283,0.292,18.824,0.117,0.621,0.108,-13.763,3.443,-39.347,3.366
5,7-22-22 3:21 PM,IAEA-C2,-7.49,0.00,-8.20,-9.48,0.00,-9.08,0.623,0.024,-0.231,0.006,0.629,0.642,9.764,0.175,0.426,0.168,-9.525,2.692,-14.747,2.687
5,7-23-22 4:59 AM,ETH2,-9.50,0.00,-10.21,-18.95,0.01,-18.61,-11.479,0.016,-0.618,0.005,0.204,0.213,-10.319,0.148,-0.446,0.145,-3.482,2.552,12.558,2.605
5,7-23-22 6:55 PM,IAEA-603,3.13,0.00,2.41,-2.83,0.00,-2.40,17.615,0.027,-0.533,0.009,0.279,0.289,23.785,0.076,0.811,0.075,-16.191,2.426,-44.601,2.362
5,7-24-22 11:56 AM,CAR1,4.89,0.00,4.17,-5.18,0.00,-4.76,16.891,0.019,-0.531,0.006,0.282,0.291,18.785,0.066,0.620,0.067,-13.301,2.256,-38.947,2.202
5,7-25-22 4:35 PM,ETH1,2.56,0.00,1.84,-2.55,0.01,-2.12,17.250,0.025,-0.623,0.006,0.178,0.186,24.454,0.074,0.908,0.069,-15.284,2.212,-43.710,2.161
5,7-26-22 9:33 AM,IAEA-C2,-7.50,0.00,-8.21,-9.32,0.01,-8.93,0.765,0.030,-0.235,0.009,0.624,0.637,10.008,0.170,0.352,0.157,-8.748,4.582,-14.272,4.573
5,7-28-22 7:14 PM,ETH4,-9.56,0.00,-10.27,-19.15,0.00,-18.80,-11.528,0.016,-0.404,0.005,0.443,0.454,-10.726,0.137,-0.466,0.135,-2.165,3.285,14.357,3.344
5,7-29-22 4:13 PM,IAEA-603,3.22,0.00,2.50,-2.69,0.00,-2.27,17.855,0.016,-0.521,0.005,0.293,0.302,24.179,0.145,0.921,0.137,-15.725,3.699,-44.492,3.599
5,7-29-22 7:35 PM,TRV1,1.92,0.00,1.21,-9.88,0.00,-9.49,9.351,0.023,-0.277,0.008,0.572,0.584,8.922,0.120,0.369,0.117,-10.952,2.301,-24.612,2.274
5,8-1-22 2:47 PM,ETH3,2.53,0.00,1.81,-2.12,0.00,-1.69,18.056,0.027,-0.251,0.008,0.594,0.607,25.449,0.148,1.008,0.138,-17.693,3.684,-46.853,3.583
5,8-1-22 6:10 PM,CAR1,5.25,0.00,4.52,-5.08,0.00,-4.66,17.365,0.022,-0.514,0.008,0.300,0.310,19.044,0.148,0.667,0.140,-14.078,3.482,-40.244,3.396
5,8-2-22 7:47 AM,ETH2,-9.54,0.00,-10.24,-18.97,0.00,-18.62,-11.537,0.032,-0.620,0.010,0.201,0.210,-10.405,0.105,-0.501,0.101,-2.730,3.267,13.394,3.328
5,8-3-22 1:47 AM,ETH1,2.74,0.00,2.02,-2.58,0.00,-2.16,17.396,0.026,-0.615,0.008,0.187,0.196,24.284,0.121,0.805,0.114,-15.806,3.492,-44.325,3.397
5,8-3-22 5:21 PM,IAEA-C2,-7.32,0.00,-8.03,-9.36,0.00,-8.97,0.892,0.023,-0.240,0.007,0.619,0.632,9.914,0.112,0.344,0.110,-9.792,3.384,-15.404,3.369
5,8-4-22 2:57 PM,ETH4,-9.37,0.00,-10.08,-19.18,0.00,-18.84,-11.378,0.010,-0.398,0.004,0.450,0.461,-10.881,0.106,-0.547,0.104,-1.495,2.515,14.923,2.558
5,8-5-22 7:56 AM,TRV1,1.61,0.00,0.89,-9.86,0.00,-9.46,9.079,0.020,-0.266,0.007,0.584,0.597,8.896,0.130,0.294,0.125,-11.288,3.032,-24.688,2.997
5,8-8-22 3:45 PM,ETH3,2.55,0.00,1.83,-2.20,0.00,-1.77,17.991,0.019,-0.253,0.006,0.592,0.605,25.203,0.127,0.927,0.121,-12.042,3.761,-41.238,3.655
5,8-9-22 5:19 AM,CAR1,4.97,0.00,4.25,-5.12,0.00,-4.70,17.035,0.023,-0.532,0.007,0.281,0.290,18.924,0.090,0.636,0.086,-11.560,3.287,-37.447,3.206
5,8-9-22 3:21 PM,ETH3,2.56,0.00,1.84,-2.21,0.00,-1.78,18.002,0.012,-0.238,0.004,0.610,0.622,25.148,0.118,0.896,0.115,-11.944,3.611,-41.130,3.512
5,8-10-22 5:00 AM,TRV1,1.79,0.00,1.07,-9.94,0.00,-9.55,9.168,0.030,-0.259,0.010,0.592,0.605,8.721,0.135,0.297,0.131,-5.847,2.817,-19.321,2.782
5,8-10-22 3:40 PM,ETH2,-9.21,0.00,-9.92,-18.98,0.00,-18.63,-11.226,0.015,-0.617,0.004,0.205,0.214,-10.521,0.104,-0.597,0.099,5.250,3.508,21.189,3.571
5,8-11-22 1:51 AM,CAR1,4.99,0.00,4.27,-5.19,0.01,-4.77,16.990,0.016,-0.523,0.006,0.291,0.301,18.655,0.080,0.506,0.076,-9.991,1.341,-35.809,1.315
5,8-11-22 2:53 PM,ETH1,2.99,0.00,2.27,-2.61,0.00,-2.18,17.634,0.029,-0.599,0.009,0.205,0.214,24.181,0.095,0.754,0.091,-12.770,3.118,-41.569,3.031
5,8-12-22 4:29 AM,TRV1,1.76,0.00,1.04,-9.92,0.00,-9.53,9.149,0.013,-0.270,0.004,0.579,0.592,8.691,0.101,0.228,0.097,-5.813,3.929,-19.298,3.881
5,8-12-22 3:36 PM,ETH4,-9.66,0.00,-10.37,-19.13,0.00,-18.78,-11.603,0.015,-0.403,0.006,0.445,0.456,-10.734,0.076,-0.507,0.075,5.455,2.423,22.172,2.463
5,8-12-22 6:59 PM,IAEA-603,3.41,0.00,2.69,-2.74,0.00,-2.31,17.998,0.021,-0.507,0.007,0.308,0.318,23.873,0.092,0.718,0.088,-11.424,2.091,-40.406,2.033
5,8-13-22 8:37 AM,CAR1,4.92,0.00,4.20,-5.12,0.00,-4.71,16.983,0.026,-0.523,0.009,0.290,0.300,18.798,0.094,0.515,0.094,-9.705,3.337,-35.589,3.252
5,8-13-22 5:23 PM,ETH4,-9.66,0.00,-10.37,-19.09,0.00,-18.74,-11.564,0.025,-0.408,0.008,0.439,0.450,-10.653,0.091,-0.513,0.089,6.548,1.580,23.192,1.612
5,8-14-22 6:59 AM,IAEA-603,3.13,0.00,2.41,-2.75,0.00,-2.32,17.706,0.020,-0.521,0.006,0.292,0.302,23.849,0.047,0.705,0.041,-12.091,3.547,-40.780,3.449
5,8-14-22 2:56 PM,ETH2,-9.52,0.00,-10.23,-19.01,0.00,-18.67,-11.565,0.027,-0.625,0.009,0.196,0.205,-10.452,0.145,-0.463,0.149,3.071,2.854,19.360,2.902
5,8-15-22 4:31 AM,TRV1,1.72,0.00,1.00,-9.85,0.00,-9.46,9.197,0.018,-0.260,0.005,0.591,0.604,8.921,0.158,0.301,0.152,-7.437,3.652,-21.009,3.609
5,8-15-22 3:00 PM,IAEA-603,3.29,0.00,2.58,-2.70,0.00,-2.27,17.919,0.020,-0.519,0.006,0.294,0.304,23.992,0.113,0.753,0.106,-12.486,3.027,-41.408,2.942
5,8-16-22 4:36 AM,CAR1,4.94,0.00,4.22,-5.06,0.00,-4.64,17.072,0.020,-0.525,0.006,0.288,0.298,18.997,0.096,0.589,0.093,-12.395,3.255,-38.349,3.172
5,8-16-22 2:50 PM,TRV1,1.98,0.00,1.26,-9.87,0.00,-9.47,9.447,0.027,-0.250,0.009,0.602,0.615,8.892,0.094,0.309,0.094,-8.692,3.129,-22.469,3.087
5,8-17-22 4:24 AM,ETH1,2.63,0.00,1.91,-2.66,0.00,-2.23,17.202,0.019,-0.617,0.006,0.185,0.194,24.023,0.119,0.706,0.115,-13.158,4.065,-41.499,3.953
5,8-17-22 2:41 PM,CAR1,5.25,0.00,4.53,-5.11,0.00,-4.69,17.339,0.022,-0.512,0.008,0.303,0.313,18.895,0.102,0.582,0.103,-11.781,2.221,-37.954,2.165
5,8-18-22 4:17 AM,ETH3,2.37,0.00,1.65,-2.09,0.00,-1.66,17.918,0.027,-0.252,0.009,0.593,0.606,25.344,0.083,0.856,0.080,-12.813,3.846,-42.016,3.734
5,8-18-22 4:23 PM,TRV1,2.09,0.00,1.37,-9.86,0.00,-9.47,9.541,0.016,-0.268,0.005,0.582,0.595,8.878,0.131,0.279,0.127,-7.231,2.745,-21.149,2.709
5,8-19-22 6:01 AM,ETH4,-9.57,0.00,-10.28,-19.10,0.00,-18.76,-11.498,0.017,-0.411,0.006,0.436,0.447,-10.621,0.050,-0.442,0.052,5.038,2.807,21.606,2.856
5,8-19-22 5:01 PM,CAR1,5.14,0.00,4.42,-5.11,0.00,-4.70,17.209,0.025,-0.525,0.008,0.288,0.298,18.836,0.093,0.531,0.090,-11.473,3.118,-37.538,3.037
5,8-20-22 6:39 AM,IAEA-C2,-7.64,0.00,-8.35,-9.29,0.00,-8.90,0.662,0.016,-0.227,0.004,0.633,0.646,10.042,0.115,0.332,0.111,-4.127,2.905,-9.589,2.893
5,8-22-22 3:37 PM,ETH4,-9.30,0.00,-10.01,-19.14,0.00,-18.80,-11.266,0.021,-0.405,0.007,0.442,0.454,-10.700,0.067,-0.450,0.067,3.810,4.671,20.150,4.747
5,8-23-22 5:12 AM,CAR1,5.00,0.00,4.28,-5.10,0.00,-4.69,17.082,0.025,-0.527,0.009,0.285,0.295,18.917,0.095,0.598,0.091,-13.119,2.525,-39.024,2.461
5,8-23-22 4:40 PM,ETH2,-9.18,0.00,-9.89,-18.94,0.00,-18.59,-11.159,0.015,-0.616,0.005,0.206,0.215,-10.454,0.078,-0.610,0.082,6.447,2.139,22.291,2.172
5,8-24-22 6:14 AM,IAEA-C2,-7.58,0.00,-8.29,-9.33,0.00,-8.94,0.689,0.027,-0.224,0.010,0.637,0.650,9.949,0.125,0.320,0.122,-3.577,3.714,-9.030,3.696
5,8-25-22 3:17 PM,ETH1,2.84,0.00,2.12,-2.64,0.00,-2.22,17.435,0.007,-0.611,0.002,0.192,0.200,24.115,0.092,0.763,0.089,-12.925,3.105,-41.506,3.016
5,8-26-22 4:53 AM,ETH3,2.35,0.00,1.64,-2.16,0.00,-1.73,17.834,0.028,-0.248,0.008,0.599,0.612,25.261,0.087,0.912,0.082,-13.238,3.039,-42.279,2.955
5,8-26-22 3:09 PM,ETH4,-9.27,0.00,-9.98,-19.10,0.00,-18.75,-11.205,0.025,-0.415,0.007,0.431,0.443,-10.719,0.071,-0.558,0.070,5.990,3.402,22.250,3.458
5,8-27-22 4:46 AM,TRV1,1.80,0.00,1.08,-9.91,0.00,-9.52,9.212,0.026,-0.260,0.008,0.591,0.603,8.778,0.074,0.286,0.074,-8.048,3.137,-21.572,3.093
5,8-27-22 12:46 PM,ETH2,-9.33,0.00,-10.04,-19.03,0.00,-18.69,-11.404,0.021,-0.626,0.007,0.194,0.203,-10.525,0.092,-0.494,0.091,4.604,3.857,20.766,3.918
5,8-28-22 5:43 AM,TRV1,1.91,0.00,1.19,-9.89,0.00,-9.50,9.329,0.019,-0.263,0.007,0.587,0.600,8.734,0.101,0.196,0.100,-3.826,3.309,-17.554,3.261
5,8-28-22 11:44 AM,ETH1,2.84,0.00,2.12,-2.70,0.01,-2.27,17.387,0.015,-0.592,0.007,0.213,0.222,23.971,0.120,0.736,0.114,-14.263,3.609,-42.694,3.508
5,8-29-22 4:54 PM,CAR1,5.12,0.00,4.40,-5.13,0.01,-4.71,17.169,0.036,-0.522,0.010,0.292,0.301,18.808,0.074,0.534,0.074,-13.558,3.166,-39.520,3.090
5,8-29-22 8:17 PM,ETH1,2.78,0.00,2.06,-2.57,0.01,-2.14,17.453,0.014,-0.601,0.005,0.203,0.212,24.160,0.093,0.661,0.091,-14.661,2.255,-43.274,2.193
5,8-30-22 3:42 PM,ETH3,2.63,0.00,1.91,-2.11,0.00,-1.68,18.144,0.014,-0.258,0.005,0.587,0.600,25.235,0.054,0.796,0.050,-14.366,1.959,-43.723,1.902
5,8-31-22 5:16 AM,TRV1,1.85,0.00,1.13,-9.93,0.00,-9.54,9.221,0.017,-0.275,0.005,0.575,0.587,8.688,0.052,0.242,0.053,-4.722,1.373,-18.293,1.352
5,9-1-22 1:49 AM,ETH4,-9.56,0.00,-10.27,-19.09,0.01,-18.74,-11.452,0.021,-0.393,0.008,0.456,0.467,-10.687,0.160,-0.547,0.155,6.668,3.438,23.209,3.502
5,9-1-22 5:13 AM,IAEA-C2,-7.73,0.01,-8.44,-9.31,0.01,-8.91,0.570,0.031,-0.224,0.008,0.637,0.650,10.000,0.135,0.317,0.128,-4.478,3.597,-9.829,3.595
5,9-1-22 2:48 PM,ETH2,-9.44,0.00,-10.14,-19.00,0.00,-18.66,-11.475,0.016,-0.624,0.006,0.197,0.206,-10.454,0.078,-0.479,0.083,4.834,3.675,21.049,3.737
5,9-2-22 5:02 PM,ETH2,-9.81,0.00,-10.52,-18.91,0.00,-18.57,-11.767,0.018,-0.645,0.006,0.174,0.182,-10.327,0.090,-0.539,0.087,6.076,2.132,22.505,2.173
5,9-3-22 6:46 AM,CAR1,4.83,0.00,4.11,-5.06,0.01,-4.64,16.950,0.043,-0.527,0.013,0.287,0.296,18.837,0.136,0.432,0.129,-9.668,4.638,-35.580,4.527
5,9-4-22 2:12 PM,ETH3,2.31,0.00,1.59,-2.28,0.00,-1.85,17.663,0.024,-0.247,0.008,0.600,0.613,24.940,0.070,0.848,0.067,-13.262,2.226,-42.022,2.164
5,9-5-22 3:49 AM,CAR1,4.89,0.00,4.17,-5.15,0.01,-4.73,16.922,0.021,-0.531,0.006,0.282,0.291,18.716,0.139,0.491,0.135,-12.654,3.289,-38.379,3.211
5,9-5-22 3:22 PM,IAEA-C2,-7.54,0.00,-8.25,-9.48,0.00,-9.09,0.588,0.023,-0.215,0.008,0.647,0.660,9.586,0.070,0.256,0.073,-3.483,1.856,-8.684,1.845
5,9-6-22 4:55 AM,IAEA-603,3.04,0.00,2.32,-2.85,0.00,-2.42,17.512,0.016,-0.522,0.005,0.291,0.301,23.608,0.105,0.679,0.102,-15.487,2.635,-43.795,2.563
5,9-6-22 3:28 PM,ETH1,2.76,0.00,2.04,-2.64,0.00,-2.21,17.365,0.015,-0.600,0.005,0.204,0.213,24.025,0.095,0.670,0.093,-14.458,3.051,-42.920,2.963
5,9-7-22 3:41 PM,CAR1,4.83,0.00,4.11,-5.19,0.00,-4.78,16.829,0.018,-0.523,0.006,0.291,0.301,18.693,0.125,0.555,0.123,-14.974,3.443,-40.499,3.356
5,9-8-22 5:20 AM,TRV1,1.59,0.00,0.88,-9.92,0.00,-9.53,8.986,0.016,-0.266,0.006,0.584,0.597,8.577,0.111,0.117,0.112,-5.498,2.335,-18.823,2.303
5,9-8-22 1:59 PM,ETH3,2.19,0.00,1.47,-2.33,0.00,-1.90,17.491,0.029,-0.254,0.010,0.592,0.604,24.758,0.136,0.758,0.134,-15.782,4.285,-44.270,4.163
5,9-9-22 3:36 AM,IAEA-603,3.08,0.00,2.36,-2.79,0.01,-2.36,17.604,0.022,-0.527,0.008,0.286,0.295,23.638,0.119,0.587,0.110,-14.913,2.521,-43.389,2.451
5,9-9-22 3:56 PM,ETH2,-9.52,0.00,-10.23,-19.21,0.00,-18.87,-11.752,0.027,-0.607,0.010,0.216,0.225,-11.031,0.151,-0.637,0.151,6.717,3.977,23.482,4.046
5,9-9-22 10:43 PM,ETH4,-9.50,0.00,-10.21,-19.32,0.01,-18.97,-11.641,0.018,-0.405,0.006,0.443,0.454,-11.136,0.098,-0.528,0.092,6.991,3.092,23.962,3.154
5,9-12-22 3:49 PM,ETH2,-9.40,0.00,-10.11,-19.26,0.00,-18.92,-11.708,0.025,-0.621,0.008,0.201,0.210,-11.113,0.102,-0.617,0.101,10.940,2.599,27.757,2.639
5,9-12-22 7:17 PM,CAR1,5.17,0.00,4.45,-5.35,0.00,-4.94,16.995,0.023,-0.512,0.008,0.303,0.312,18.222,0.090,0.408,0.089,-10.591,3.309,-36.245,3.221
5,9-13-22 5:23 PM,IAEA-C2,-7.46,0.00,-8.17,-9.38,0.00,-8.98,0.754,0.025,-0.233,0.008,0.627,0.640,9.861,0.089,0.319,0.089,-6.881,3.802,-12.348,3.782
5,9-14-22 3:34 AM,TRV1,1.81,0.00,1.09,-9.95,0.00,-9.56,9.161,0.023,-0.275,0.008,0.575,0.587,8.546,0.105,0.144,0.107,-6.935,3.004,-20.398,2.962
5,9-15-22 2:00 AM,ETH1,2.59,0.00,1.87,-2.60,0.00,-2.17,17.240,0.021,-0.606,0.007,0.198,0.206,24.020,0.094,0.584,0.092,-15.958,2.586,-44.300,2.512
5,9-15-22 5:24 AM,TRV1,1.71,0.00,1.00,-9.98,0.00,-9.59,9.043,0.025,-0.272,0.008,0.577,0.590,8.632,0.057,0.281,0.056,-9.088,3.372,-22.375,3.328
5,9-15-22 3:12 PM,ETH2,-9.40,0.00,-10.11,-19.08,0.00,-18.73,-11.509,0.020,-0.610,0.006,0.213,0.222,-10.599,0.142,-0.472,0.144,6.472,4.724,22.840,4.801
5,9-16-22 4:46 AM,IAEA-C2,-7.70,0.00,-8.41,-9.38,0.00,-8.98,0.523,0.026,-0.223,0.008,0.638,0.651,9.816,0.098,0.279,0.095,-3.487,2.818,-8.728,2.806
5,9-16-22 3:03 PM,ETH3,2.43,0.00,1.71,-2.28,0.00,-1.85,17.787,0.008,-0.240,0.003,0.607,0.620,24.821,0.115,0.721,0.111,-18.853,4.190,-47.572,4.070
5,9-17-22 4:35 AM,CAR1,4.80,0.00,4.08,-5.14,0.00,-4.73,16.848,0.024,-0.519,0.008,0.295,0.305,18.662,0.098,0.425,0.092,-13.701,3.413,-39.327,3.329
5,9-17-22 4:00 PM,ETH4,-9.50,0.00,-10.20,-19.27,0.00,-18.93,-11.601,0.026,-0.414,0.009,0.433,0.444,-10.882,0.082,-0.359,0.081,4.085,4.423,20.913,4.495
5,9-18-22 5:38 AM,CAR1,4.86,0.00,4.14,-5.17,0.00,-4.75,16.873,0.021,-0.526,0.008,0.287,0.297,18.573,0.083,0.385,0.081,-11.641,2.570,-37.333,2.505
5,9-19-22 2:47 PM,IAEA-603,3.19,0.00,2.48,-2.83,0.00,-2.40,17.696,0.018,-0.508,0.006,0.306,0.316,23.533,0.084,0.556,0.082,-17.449,2.280,-45.891,2.213
5,9-20-22 2:47 PM,ETH3,2.50,0.00,1.78,-2.35,0.00,-1.92,17.774,0.023,-0.246,0.008,0.601,0.613,24.638,0.104,0.683,0.102,-20.523,3.474,-49.124,3.374
5,9-21-22 12:57 AM,ETH4,-9.51,0.00,-10.22,-19.16,0.00,-18.82,-11.486,0.023,-0.395,0.007,0.454,0.465,-10.744,0.111,-0.450,0.115,6.813,4.128,23.472,4.194
5,9-22-22 2:24 PM,ETH1,2.75,0.00,2.03,-2.65,0.00,-2.22,17.357,0.029,-0.597,0.010,0.208,0.217,23.859,0.052,0.514,0.051,-17.903,2.745,-46.257,2.667
5,9-22-22 5:46 PM,ETH3,2.31,0.00,1.59,-2.24,0.00,-1.81,17.694,0.019,-0.255,0.006,0.591,0.604,24.843,0.086,0.669,0.084,-20.134,2.620,-48.776,2.543
5,9-22-22 9:09 PM,CAR1,4.99,0.00,4.27,-5.09,0.00,-4.68,17.081,0.016,-0.528,0.005,0.285,0.295,18.747,0.061,0.405,0.058,-17.733,3.271,-43.535,3.184
5,9-23-22 2:55 PM,ETH2,-9.47,0.00,-10.18,-19.13,0.00,-18.79,-11.651,0.024,-0.630,0.008,0.190,0.198,-10.722,0.098,-0.489,0.098,9.397,2.231,25.994,2.267
5,9-24-22 4:31 AM,TRV1,1.72,0.00,1.00,-9.97,0.00,-9.58,9.048,0.015,-0.272,0.005,0.578,0.590,8.525,0.083,0.157,0.086,-9.209,2.714,-22.511,2.673
5,9-24-22 3:54 PM,ETH4,-9.50,0.00,-10.21,-19.15,0.00,-18.80,-11.454,0.013,-0.395,0.005,0.453,0.465,-10.629,0.118,-0.363,0.118,6.281,4.264,22.883,4.331
5,9-25-22 5:28 AM,CAR1,4.85,0.00,4.12,-5.12,0.00,-4.71,16.909,0.023,-0.518,0.007,0.296,0.306,18.590,0.111,0.314,0.111,-18.524,3.372,-44.104,3.279
5,9-25-22 3:46 PM,ETH1,2.69,0.00,1.97,-2.68,0.00,-2.25,17.251,0.021,-0.599,0.007,0.205,0.213,23.786,0.112,0.514,0.115,-21.429,3.029,-49.551,2.936
5,9-26-22 5:19 AM,ETH2,-9.60,0.00,-10.31,-19.06,0.00,-18.72,-11.691,0.022,-0.620,0.007,0.201,0.210,-10.592,0.069,-0.502,0.072,8.886,1.728,25.459,1.754
5,9-26-22 3:02 PM,ETH3,2.39,0.00,1.67,-2.28,0.00,-1.85,17.735,0.022,-0.246,0.006,0.601,0.614,24.738,0.126,0.641,0.127,-22.465,2.653,-51.037,2.568
5,9-27-22 4:37 AM,CAR1,4.77,0.00,4.05,-5.13,0.00,-4.72,16.824,0.023,-0.519,0.007,0.295,0.305,18.602,0.055,0.346,0.050,-17.121,2.525,-42.649,2.456
5,9-28-22 3:55 AM,CAR1,4.76,0.00,4.04,-5.13,0.00,-4.72,16.819,0.023,-0.510,0.007,0.306,0.316,18.585,0.123,0.331,0.125,-17.273,3.004,-42.782,2.919
5,9-28-22 2:28 PM,ETH1,2.72,0.00,2.00,-2.61,0.00,-2.19,17.332,0.022,-0.614,0.007,0.188,0.197,23.928,0.082,0.519,0.084,-21.272,3.053,-49.554,2.960
6,10-12-22 2:26 PM,ETH1,2.73,0.00,2.23,-2.74,0.00,-2.21,17.196,0.019,-0.637,0.006,0.187,0.192,23.583,0.126,0.435,0.124,-28.330,0.949,-56.185,0.926
6,10-12-22 5:54 PM,ETH2,-9.29,0.00,-9.94,-19.01,0.00,-18.59,-11.360,0.017,-0.642,0.006,0.198,0.204,-10.409,0.073,-0.412,0.070,3.671,2.959,19.739,3.005
6,10-12-22 9:21 PM,CAR1,4.90,0.00,4.43,-5.24,0.00,-4.73,16.811,0.027,-0.544,0.009,0.288,0.293,18.366,0.070,0.340,0.068,-20.874,2.650,-46.212,2.582
6,10-13-22 3:02 PM,ETH3,2.56,0.00,2.06,-2.47,0.00,-1.93,17.725,0.027,-0.234,0.009,0.623,0.628,24.300,0.086,0.587,0.085,-27.222,1.660,-55.465,1.613
6,10-13-22 6:28 PM,ETH4,-9.42,0.00,-10.06,-19.31,0.00,-18.89,-11.539,0.018,-0.420,0.018,0.439,0.444,-10.615,0.075,0.165,0.079,4.516,1.523,21.344,1.550
6,10-13-22 9:55 PM,ETH1,2.58,0.00,2.08,-2.78,0.00,-2.25,17.019,0.012,-0.627,0.003,0.197,0.203,23.541,0.102,0.476,0.100,-24.245,2.059,-52.000,1.996
6,10-14-22 1:24 AM,ETH2,-9.58,0.00,-10.23,-19.15,0.00,-18.73,-11.777,0.027,-0.634,0.009,0.206,0.212,-10.735,0.100,-0.457,0.101,3.477,1.845,20.132,1.878
6,10-17-22 4:16 PM,ETH1,2.77,0.00,2.27,-2.75,0.00,-2.21,17.231,0.023,-0.632,0.007,0.193,0.198,23.602,0.082,0.469,0.081,-22.771,2.203,-50.805,2.142
6,10-17-22 7:43 PM,ETH2,-9.16,0.00,-9.81,-18.98,0.00,-18.56,-11.193,0.029,-0.636,0.009,0.205,0.210,-10.382,0.096,-0.462,0.096,3.363,2.350,19.216,2.387
6,10-17-22 11:08 PM,ETH3,2.36,0.00,1.86,-2.37,0.00,-1.84,17.608,0.026,-0.254,0.008,0.601,0.606,24.480,0.105,0.575,0.101,-22.620,3.687,-50.989,3.580
6,10-18-22 4:26 PM,ETH4,-9.39,0.00,-10.04,-19.32,0.00,-18.90,-11.566,0.025,-0.428,0.009,0.430,0.435,-11.021,0.095,-0.400,0.098,1.768,2.108,18.554,2.140
6,10-18-22 7:52 PM,ETH2,-9.33,0.00,-9.98,-19.14,0.00,-18.72,-11.540,0.021,-0.650,0.007,0.190,0.195,-10.595,0.117,-0.346,0.119,-0.499,1.676,15.808,1.706
6,10-19-22 3:00 PM,ETH4,-9.43,0.00,-10.08,-19.29,0.00,-18.87,-11.552,0.016,-0.413,0.006,0.446,0.451,-10.902,0.073,-0.356,0.077,2.994,3.368,19.763,3.422
6,10-20-22 4:51 AM,CAR1,4.76,0.00,4.28,-5.22,0.00,-4.71,16.686,0.023,-0.552,0.007,0.280,0.285,18.456,0.098,0.386,0.096,-19.553,3.199,-44.828,3.118
6,10-20-22 2:38 PM,ETH4,-9.52,0.00,-10.17,-19.36,0.00,-18.94,-11.710,0.024,-0.419,0.008,0.440,0.445,-11.065,0.055,-0.379,0.060,1.715,2.923,18.694,2.969
6,10-21-22 1:02 AM,CAR1,4.80,0.00,4.32,-5.25,0.00,-4.74,16.712,0.019,-0.536,0.006,0.297,0.302,18.429,0.082,0.422,0.084,-21.735,3.141,-46.933,3.058
6,10-21-22 3:31 PM,ETH3,2.29,0.00,1.78,-2.29,0.00,-1.75,17.609,0.016,-0.267,0.005,0.588,0.593,24.798,0.055,0.721,0.056,-21.407,2.561,-49.897,2.485
6,10-22-22 1:54 AM,TRV1,1.56,0.00,1.05,-10.00,0.00,-9.51,8.866,0.031,-0.279,0.010,0.579,0.584,8.578,0.107,0.264,0.108,-12.839,2.794,-25.890,2.757
6,10-25-22 2:18 PM,ETH1,2.52,0.00,2.02,-2.67,0.00,-2.13,17.079,0.035,-0.631,0.011,0.193,0.199,23.893,0.097,0.589,0.097,-20.593,3.186,-48.613,3.094
6,10-26-22 12:37 AM,ETH4,-9.65,0.00,-10.31,-19.07,0.00,-18.65,-11.555,0.021,-0.425,0.007,0.433,0.438,-10.476,0.106,-0.371,0.105,2.357,1.698,18.891,1.725
6,10-26-22 4:03 AM,CAR1,4.68,0.00,4.20,-5.19,0.00,-4.68,16.652,0.024,-0.541,0.008,0.291,0.296,18.529,0.090,0.400,0.087,-18.403,2.029,-43.687,1.978
6,10-26-22 2:39 PM,ETH2,-9.64,0.00,-10.29,-19.06,0.00,-18.64,-11.738,0.024,-0.631,0.008,0.209,0.215,-10.546,0.066,-0.461,0.065,1.288,2.467,17.771,2.505
6,10-27-22 2:45 PM,IAEA-603,2.94,0.00,2.44,-2.79,0.00,-2.26,17.446,0.019,-0.543,0.006,0.289,0.294,23.653,0.080,0.608,0.075,-19.340,2.626,-47.548,2.552
6,10-28-22 4:33 AM,TRV1,1.58,0.00,1.07,-10.01,0.00,-9.53,8.878,0.015,-0.277,0.006,0.582,0.587,8.553,0.083,0.265,0.082,-11.091,2.907,-24.163,2.869
6,10-28-22 2:43 PM,ETH1,2.47,0.00,1.97,-2.64,0.00,-2.11,17.068,0.030,-0.621,0.009,0.205,0.210,23.962,0.073,0.609,0.070,-19.818,2.049,-47.860,1.990
6,10-29-22 4:32 AM,CAR1,4.64,0.00,4.16,-5.18,0.00,-4.67,16.633,0.012,-0.529,0.004,0.304,0.309,18.629,0.109,0.477,0.105,-17.980,3.327,-43.256,3.244
6,11-2-22 6:32 PM,CAR1,4.78,0.00,4.31,-5.16,0.00,-4.64,16.800,0.026,-0.534,0.009,0.299,0.304,18.666,0.112,0.464,0.109,-17.095,2.895,-42.582,2.821
6,11-3-22 4:55 AM,ETH4,-9.81,0.00,-10.46,-19.21,0.00,-18.79,-11.838,0.022,-0.417,0.008,0.442,0.447,-10.859,0.093,-0.473,0.098,3.386,1.930,20.382,1.963
6,11-4-22 3:35 PM,ETH3,2.11,0.00,1.60,-2.25,0.00,-1.72,17.485,0.015,-0.255,0.006,0.600,0.605,24.907,0.096,0.755,0.096,-20.990,2.781,-49.390,2.698
6,11-5-22 5:22 AM,TRV1,1.48,0.00,0.97,-10.01,0.00,-9.53,8.791,0.022,-0.263,0.007,0.597,0.602,8.540,0.107,0.256,0.104,-11.573,2.517,-24.535,2.487
6,11-7-22 3:17 PM,ETH2,-9.61,0.00,-10.26,-19.04,0.00,-18.62,-11.686,0.019,-0.628,0.006,0.213,0.218,-10.501,0.104,-0.447,0.106,0.850,3.128,17.260,3.179
6,11-8-22 5:01 AM,IAEA-C2,-7.82,0.00,-8.45,-9.39,0.00,-8.90,0.374,0.024,-0.239,0.008,0.627,0.632,9.844,0.106,0.336,0.106,-9.291,3.203,-14.349,3.187
6,11-8-22 4:44 PM,ETH1,2.18,0.00,1.67,-2.69,0.00,-2.15,16.728,0.024,-0.625,0.008,0.200,0.205,23.951,0.115,0.689,0.112,-18.545,2.951,-46.255,2.868
6,11-9-22 2:42 PM,CAR1,4.74,0.00,4.26,-5.26,0.00,-4.74,16.664,0.031,-0.521,0.011,0.313,0.318,18.544,0.075,0.545,0.072,-18.567,2.177,-43.777,2.126
6,11-10-22 3:45 PM,CAR1,4.70,0.00,4.23,-5.27,0.00,-4.75,16.621,0.022,-0.518,0.007,0.316,0.322,18.518,0.114,0.541,0.109,-15.967,1.212,-41.190,1.181
6,11-10-22 7:11 PM,ETH3,2.18,0.00,1.67,-2.30,0.00,-1.76,17.533,0.030,-0.235,0.010,0.622,0.627,24.902,0.082,0.836,0.078,-18.633,1.237,-47.088,1.202
6,11-10-22 10:37 PM,TRV1,1.65,0.00,1.14,-10.07,0.00,-9.59,8.895,0.028,-0.266,0.010,0.594,0.599,8.474,0.099,0.310,0.096,-12.870,2.042,-25.864,2.017
6,11-11-22 2:02 AM,IAEA-C2,-7.83,0.00,-8.46,-9.47,0.00,-8.98,0.291,0.028,-0.235,0.010,0.632,0.636,9.702,0.059,0.358,0.058,-7.736,1.458,-12.641,1.453
6,11-11-22 5:27 AM,ETH4,-9.85,0.00,-10.50,-19.29,0.00,-18.87,-11.948,0.016,-0.397,0.006,0.463,0.468,-10.976,0.070,-0.416,0.075,1.116,2.222,18.297,2.259
6,11-11-22 2:39 PM,TRV1,1.29,0.00,0.77,-10.12,0.00,-9.64,8.490,0.027,-0.265,0.009,0.594,0.599,8.351,0.056,0.285,0.055,-12.363,2.239,-24.915,2.213
6,11-11-22 6:05 PM,ETH1,2.41,0.00,1.90,-2.66,0.00,-2.13,17.002,0.018,-0.602,0.005,0.225,0.230,24.015,0.074,0.701,0.074,-18.858,2.654,-46.825,2.581
6,11-11-22 9:30 PM,IAEA-603,2.85,0.00,2.35,-2.82,0.00,-2.28,17.353,0.018,-0.526,0.006,0.307,0.313,23.672,0.074,0.676,0.071,-17.402,2.256,-45.535,2.195
6,11-12-22 12:55 AM,ETH2,-9.80,0.00,-10.46,-19.16,0.00,-18.74,-11.998,0.014,-0.631,0.004,0.210,0.215,-10.795,0.053,-0.511,0.050,1.419,1.913,18.276,1.945
6,11-12-22 4:20 AM,CAR1,4.59,0.00,4.11,-5.23,0.00,-4.71,16.555,0.024,-0.521,0.008,0.313,0.318,18.583,0.087,0.521,0.082,-16.135,2.422,-41.330,2.364
6,11-12-22 7:48 AM,ETH3,1.98,0.00,1.47,-2.32,0.00,-1.79,17.303,0.017,-0.239,0.005,0.617,0.622,24.894,0.092,0.883,0.089,-24.441,2.608,-52.485,2.536
6,11-13-22 1:11 AM,TRV1,1.50,0.00,0.98,-10.00,0.00,-9.52,8.807,0.032,-0.270,0.011,0.589,0.594,8.547,0.097,0.249,0.096,-11.078,2.784,-24.075,2.745
6,11-13-22 4:36 AM,IAEA-C2,-7.90,0.00,-8.53,-9.49,0.00,-9.00,0.212,0.020,-0.232,0.007,0.635,0.640,9.665,0.068,0.352,0.069,-8.458,2.305,-13.259,2.297
6,11-13-22 8:03 AM,ETH3,2.02,0.00,1.52,-2.36,0.00,-1.82,17.317,0.027,-0.234,0.009,0.623,0.628,24.788,0.090,0.849,0.090,-18.314,1.613,-46.513,1.568
6,11-13-22 11:32 AM,IAEA-603,2.78,0.00,2.28,-2.86,0.00,-2.33,17.241,0.024,-0.523,0.008,0.310,0.315,23.604,0.064,0.704,0.064,-15.902,3.669,-43.924,3.567
7,1-16-23 3:10 PM,ETH1,2.54,0.00,2.13,-2.60,0.00,-2.22,17.181,0.024,-0.623,0.007,0.183,0.178,24.206,0.102,0.765,0.092,-21.762,3.597,-49.888,3.502
7,1-16-23 6:35 PM,ETH2,-9.60,0.00,-10.06,-19.03,0.00,-18.70,-11.651,0.029,-0.616,0.009,0.213,0.210,-10.466,0.126,-0.437,0.123,-3.267,4.086,13.039,4.158
7,1-16-23 10:00 PM,ETH3,2.18,0.00,1.77,-2.16,0.00,-1.78,17.669,0.042,-0.246,0.014,0.589,0.613,25.261,0.095,0.912,0.090,-19.553,4.660,-48.246,4.531
7,1-17-23 1:24 AM,ETH4,-9.65,0.00,-10.12,-19.04,0.00,-18.71,-11.490,0.019,-0.400,0.007,0.445,0.459,-10.363,0.091,-0.319,0.086,-5.445,4.605,10.893,4.690
7,1-17-23 2:30 PM,IAEA-603,2.93,0.00,2.52,-2.81,0.00,-2.44,17.453,0.014,-0.515,0.005,0.298,0.302,23.780,0.119,0.771,0.113,-20.671,3.007,-48.797,2.928
7,1-17-23 5:54 PM,IAEA-C2,-7.83,0.00,-8.29,-9.57,0.00,-9.21,0.184,0.026,-0.235,0.008,0.613,0.639,9.466,0.112,0.324,0.106,-8.569,3.420,-13.267,3.412
7,1-17-23 9:19 PM,CAR1,4.69,0.00,4.28,-5.21,0.00,-4.84,16.661,0.022,-0.529,0.007,0.285,0.288,18.704,0.145,0.604,0.136,-18.151,3.566,-43.420,3.483
7,1-18-23 12:44 AM,TRV1,1.42,0.00,1.00,-9.95,0.00,-9.59,8.799,0.028,-0.261,0.010,0.579,0.602,8.719,0.090,0.307,0.089,-14.764,2.545,-27.744,2.520
7,1-18-23 3:17 PM,ETH1,2.47,0.00,2.06,-2.62,0.00,-2.24,17.108,0.025,-0.606,0.008,0.202,0.198,24.149,0.089,0.743,0.087,-18.636,2.083,-46.755,2.025
7,1-18-23 6:41 PM,ETH2,-9.65,0.00,-10.12,-19.08,0.00,-18.75,-11.760,0.022,-0.618,0.006,0.211,0.208,-10.560,0.099,-0.429,0.098,-1.473,3.334,15.023,3.398
7,1-18-23 10:04 PM,ETH3,2.13,0.00,1.71,-2.24,0.00,-1.86,17.519,0.029,-0.253,0.009,0.581,0.605,25.119,0.074,0.941,0.073,-19.659,2.879,-48.135,2.798
7,1-19-23 1:29 AM,ETH4,-9.77,0.00,-10.23,-19.24,0.00,-18.91,-11.819,0.023,-0.405,0.008,0.440,0.454,-10.844,0.120,-0.392,0.120,-3.391,4.130,13.516,4.207
7,1-19-23 2:09 PM,ETH4,-9.78,0.00,-10.25,-19.29,0.00,-18.96,-11.896,0.029,-0.420,0.009,0.423,0.436,-10.947,0.092,-0.399,0.089,-2.850,3.217,14.180,3.278
7,1-19-23 5:34 PM,IAEA-603,2.93,0.00,2.52,-2.80,0.00,-2.42,17.476,0.028,-0.509,0.008,0.305,0.309,23.929,0.096,0.891,0.090,-22.760,2.866,-50.850,2.793
7,1-19-23 8:58 PM,IAEA-C2,-7.87,0.00,-8.33,-9.40,0.00,-9.04,0.329,0.017,-0.232,0.005,0.617,0.643,9.843,0.138,0.352,0.132,-11.714,4.107,-16.699,4.094
7,1-20-23 12:23 AM,CAR1,4.61,0.00,4.21,-5.25,0.00,-4.88,16.571,0.014,-0.515,0.004,0.299,0.303,18.720,0.101,0.690,0.098,-22.766,2.677,-47.778,2.612
7,1-20-23 3:48 AM,TRV1,1.48,0.00,1.06,-9.94,0.00,-9.58,8.871,0.026,-0.259,0.008,0.582,0.605,8.728,0.105,0.297,0.103,-11.523,3.874,-24.627,3.828
7,1-23-23 3:36 PM,IAEA-603,2.82,0.00,2.41,-2.82,0.01,-2.44,17.332,0.025,-0.519,0.007,0.295,0.298,23.757,0.124,0.767,0.115,-21.102,4.158,-49.095,4.049
7,1-24-23 5:16 AM,TRV1,1.49,0.00,1.07,-9.99,0.00,-9.64,8.816,0.020,-0.268,0.008,0.572,0.595,8.661,0.092,0.341,0.087,-14.284,3.596,-27.252,3.558
7,1-24-23 2:29 PM,ETH3,2.07,0.00,1.65,-2.13,0.00,-1.75,17.587,0.024,-0.248,0.008,0.587,0.611,25.328,0.123,0.918,0.116,-20.649,2.291,-49.259,2.230
7,1-25-23 4:10 AM,CAR1,4.58,0.00,4.18,-5.10,0.00,-4.73,16.673,0.020,-0.521,0.006,0.294,0.297,18.848,0.067,0.531,0.062,-16.203,3.825,-41.627,3.733
7,1-25-23 3:11 PM,ETH1,2.37,0.00,1.96,-2.58,0.00,-2.21,17.040,0.021,-0.615,0.007,0.191,0.187,24.291,0.130,0.815,0.125,-20.151,3.788,-48.198,3.686
7,1-26-23 4:47 AM,TRV1,1.41,0.00,1.00,-9.92,0.00,-9.56,8.817,0.020,-0.271,0.007,0.568,0.591,8.805,0.096,0.335,0.091,-15.286,3.676,-28.314,3.634
7,1-26-23 9:41 PM,ETH2,-9.63,0.00,-10.10,-18.82,0.01,-18.49,-11.466,0.024,-0.617,0.008,0.211,0.208,-10.031,0.070,-0.434,0.066,-1.186,3.131,14.744,3.193
7,1-27-23 4:28 AM,ETH4,-9.82,0.00,-10.28,-19.06,0.01,-18.73,-11.695,0.014,-0.412,0.005,0.432,0.445,-10.545,0.159,-0.453,0.153,-0.899,3.458,15.735,3.528
7,1-27-23 1:53 PM,ETH2,-9.75,0.00,-10.21,-18.98,0.00,-18.66,-11.749,0.032,-0.617,0.010,0.212,0.209,-10.442,0.048,-0.506,0.045,-1.221,2.737,15.174,2.786
7,1-28-23 3:32 AM,IAEA-C2,-7.84,0.00,-8.30,-9.23,0.01,-8.87,0.538,0.029,-0.226,0.009,0.624,0.650,10.203,0.134,0.359,0.124,-7.868,4.384,-13.245,4.371
7,1-31-23 2:47 PM,ETH1,2.38,0.00,1.97,-2.46,0.01,-2.09,17.166,0.018,-0.618,0.006,0.188,0.184,24.497,0.107,0.778,0.099,-18.225,3.080,-46.560,3.002
7,2-1-23 4:29 AM,CAR1,4.60,0.00,4.20,-5.03,0.00,-4.66,16.787,0.018,-0.507,0.006,0.308,0.313,19.080,0.073,0.608,0.066,-15.270,2.906,-40.884,2.836
7,2-2-23 3:10 PM,ETH3,2.10,0.00,1.69,-2.09,0.00,-1.71,17.651,0.024,-0.259,0.008,0.575,0.598,25.488,0.115,0.991,0.109,-19.458,2.676,-48.212,2.602
7,2-2-23 6:34 PM,IAEA-603,2.92,0.00,2.51,-2.64,0.00,-2.27,17.609,0.017,-0.521,0.005,0.293,0.296,24.188,0.092,0.832,0.085,-19.350,3.773,-47.824,3.670
7,2-3-23 4:49 AM,TRV1,1.40,0.00,0.98,-9.86,0.00,-9.50,8.870,0.031,-0.264,0.010,0.576,0.599,8.881,0.080,0.284,0.079,-11.138,3.149,-24.330,3.112
7,2-3-23 6:24 PM,ETH2,-9.72,0.00,-10.19,-19.05,0.00,-18.72,-11.779,0.028,-0.609,0.008,0.220,0.218,-10.530,0.099,-0.465,0.095,-4.543,2.786,11.903,2.838
7,2-6-23 5:45 PM,IAEA-C2,-7.75,0.00,-8.21,-9.38,0.00,-9.02,0.465,0.012,-0.234,0.005,0.615,0.641,10.003,0.103,0.471,0.096,-19.828,3.571,-24.924,3.559
7,2-7-23 4:25 PM,CAR1,4.69,0.00,4.29,-5.10,0.00,-4.73,16.787,0.024,-0.528,0.008,0.286,0.288,19.035,0.051,0.705,0.049,-22.971,1.719,-48.335,1.676
7,2-7-23 11:13 PM,ETH4,-9.73,0.00,-10.20,-19.12,0.01,-18.79,-11.648,0.013,-0.389,0.005,0.457,0.472,-10.617,0.151,-0.409,0.147,-4.521,3.929,12.086,4.005
7,2-8-23 2:02 PM,IAEA-603,2.86,0.00,2.45,-2.84,0.00,-2.46,17.353,0.009,-0.510,0.003,0.304,0.308,23.830,0.091,0.878,0.082,-21.769,2.930,-49.737,2.855
7,2-9-23 3:43 AM,TRV1,1.50,0.00,1.08,-9.92,0.01,-9.57,8.897,0.010,-0.266,0.004,0.574,0.597,8.768,0.163,0.306,0.150,-13.093,5.514,-26.224,5.457
7,2-10-23 1:52 PM,ETH1,2.51,0.00,2.10,-2.55,0.00,-2.17,17.232,0.020,-0.597,0.006,0.211,0.208,24.412,0.125,0.855,0.118,-21.071,3.100,-49.293,3.017
7,2-11-23 3:30 AM,IAEA-C2,-7.87,0.00,-8.32,-9.26,0.00,-8.90,0.485,0.033,-0.224,0.010,0.626,0.653,10.248,0.097,0.467,0.096,-11.006,2.388,-16.277,2.378
7,2-13-23 2:41 PM,ETH2,-9.66,0.00,-10.13,-18.97,0.00,-18.64,-11.651,0.024,-0.616,0.008,0.212,0.209,-10.354,0.138,-0.442,0.136,-3.002,3.501,13.252,3.564
7,2-14-23 4:22 AM,CAR1,4.64,0.00,4.23,-5.09,0.01,-4.72,16.739,0.024,-0.529,0.005,0.284,0.286,18.966,0.092,0.613,0.081,-17.026,4.446,-42.513,4.343
7,2-14-23 2:36 PM,ETH3,2.08,0.00,1.67,-2.26,0.00,-1.88,17.481,0.018,-0.240,0.005,0.595,0.619,25.137,0.099,0.985,0.096,-24.310,3.373,-52.586,3.282
7,2-15-23 4:17 AM,TRV1,1.40,0.00,0.98,-9.89,0.01,-9.53,8.836,0.015,-0.270,0.003,0.569,0.592,8.854,0.160,0.317,0.149,-13.186,5.470,-26.292,5.413
7,2-18-23 3:07 PM,IAEA-603,2.84,0.00,2.43,-2.77,0.00,-2.39,17.412,0.027,-0.514,0.008,0.300,0.304,23.877,0.120,0.775,0.113,-19.676,3.112,-47.833,3.031
7,2-19-23 4:50 AM,CAR1,4.60,0.00,4.20,-5.13,0.00,-4.76,16.680,0.033,-0.512,0.010,0.303,0.307,18.851,0.067,0.585,0.063,-16.626,3.346,-42.009,3.267
7,2-21-23 3:00 PM,ETH1,2.43,0.00,2.02,-2.55,0.00,-2.17,17.150,0.024,-0.603,0.007,0.205,0.201,24.394,0.087,0.838,0.081,-20.809,2.536,-48.964,2.471
7,2-22-23 4:46 AM,IAEA-C2,-7.92,0.00,-8.37,-9.33,0.00,-8.97,0.360,0.027,-0.230,0.008,0.619,0.645,10.006,0.134,0.363,0.129,-8.148,2.695,-13.252,2.690
7,2-22-23 2:17 PM,ETH1,2.39,0.00,1.98,-2.56,0.01,-2.18,17.098,0.018,-0.602,0.006,0.206,0.203,24.326,0.144,0.802,0.132,-18.411,3.495,-46.571,3.408
7,2-23-23 3:28 PM,IAEA-603,2.82,0.00,2.40,-2.73,0.00,-2.36,17.433,0.018,-0.503,0.006,0.312,0.317,24.086,0.083,0.914,0.082,-22.690,3.311,-50.796,3.222
7,2-23-23 6:53 PM,TRV1,1.40,0.00,0.98,-9.95,0.01,-9.60,8.777,0.019,-0.258,0.006,0.582,0.606,8.731,0.134,0.325,0.120,-12.919,4.619,-25.898,4.576
7,3-2-23 3:08 PM,ETH2,-9.79,0.00,-10.25,-19.04,0.01,-18.71,-11.834,0.021,-0.607,0.007,0.223,0.221,-10.543,0.108,-0.497,0.107,-1.578,2.885,14.966,2.940
7,3-3-23 4:48 AM,CAR1,4.63,0.00,4.23,-5.07,0.01,-4.70,16.747,0.027,-0.535,0.008,0.278,0.281,19.063,0.112,0.672,0.103,-19.643,4.567,-45.091,4.460
7,3-3-23 1:35 PM,ETH3,2.14,0.00,1.72,-2.12,0.00,-1.75,17.656,0.025,-0.253,0.008,0.581,0.605,25.404,0.103,0.982,0.097,-22.881,2.199,-51.502,2.142
7,3-4-23 6:38 AM,TRV1,1.50,0.00,1.08,-9.88,0.01,-9.53,8.929,0.019,-0.270,0.006,0.569,0.592,8.816,0.205,0.270,0.193,-11.474,5.242,-24.705,5.186
7,3-4-23 2:27 PM,ETH4,-9.78,0.00,-10.24,-19.18,0.00,-18.85,-11.767,0.022,-0.402,0.008,0.443,0.456,-10.754,0.094,-0.422,0.093,-2.583,2.806,14.227,2.859
7,3-5-23 7:33 AM,CAR1,4.62,0.00,4.22,-5.10,0.00,-4.73,16.728,0.022,-0.515,0.006,0.300,0.304,18.956,0.121,0.632,0.114,-18.233,3.566,-43.650,3.482
7,3-6-23 2:32 PM,IAEA-603,2.85,0.00,2.44,-2.78,0.01,-2.41,17.408,0.025,-0.509,0.008,0.305,0.309,23.887,0.199,0.820,0.186,-20.224,4.070,-48.341,3.968
7,3-7-23 4:11 AM,TRV1,1.39,0.00,0.97,-9.93,0.00,-9.57,8.797,0.011,-0.254,0.004,0.586,0.610,8.707,0.108,0.249,0.103,-12.649,2.007,-25.673,1.987
7,3-7-23 1:04 PM,ETH1,2.42,0.00,2.00,-2.62,0.00,-2.24,17.060,0.017,-0.599,0.005,0.209,0.206,24.254,0.083,0.853,0.080,-19.014,0.864,-47.063,0.845
7,3-8-23 2:40 AM,ETH2,-9.78,0.00,-10.25,-18.99,0.01,-18.66,-11.777,0.033,-0.606,0.010,0.223,0.221,-10.445,0.100,-0.497,0.095,-0.279,3.019,16.180,3.079
7,3-8-23 2:31 PM,ETH1,2.42,0.00,2.01,-2.59,0.00,-2.21,17.103,0.019,-0.594,0.006,0.214,0.211,24.266,0.155,0.802,0.149,-18.727,3.999,-46.852,3.891
7,3-9-23 4:10 AM,CAR1,4.60,0.00,4.20,-5.12,0.00,-4.75,16.700,0.021,-0.507,0.005,0.308,0.312,19.000,0.131,0.708,0.126,-22.316,3.990,-47.577,3.896
7,3-10-23 1:58 PM,ETH4,-9.70,0.00,-10.16,-19.08,0.01,-18.75,-11.576,0.023,-0.390,0.007,0.456,0.471,-10.513,0.173,-0.375,0.170,-3.515,3.839,12.998,3.913
7,3-11-23 7:00 AM,TRV1,1.55,0.00,1.13,-9.86,0.00,-9.51,9.017,0.023,-0.252,0.007,0.589,0.613,8.833,0.112,0.247,0.108,-9.420,2.833,-22.766,2.799
7,3-15-23 5:48 AM,ETH3,2.14,0.00,1.72,-2.10,0.01,-1.72,17.683,0.027,-0.246,0.007,0.588,0.612,25.462,0.180,0.985,0.164,-20.154,5.360,-48.903,5.219
7,3-15-23 2:46 PM,ETH4,-9.70,0.00,-10.17,-19.21,0.01,-18.89,-11.727,0.024,-0.397,0.008,0.449,0.463,-10.850,0.080,-0.448,0.073,-2.518,3.749,14.291,3.824
7,3-16-23 4:28 AM,CAR1,4.68,0.00,4.28,-5.11,0.01,-4.74,16.779,0.019,-0.506,0.006,0.309,0.314,18.917,0.144,0.611,0.134,-18.527,4.288,-43.972,4.189
7,3-16-23 3:48 PM,IAEA-603,2.96,0.00,2.55,-2.73,0.01,-2.35,17.588,0.015,-0.499,0.005,0.316,0.321,23.992,0.132,0.809,0.124,-20.774,2.930,-49.087,2.851
7,3-17-23 5:26 AM,TRV1,1.58,0.00,1.17,-9.93,0.00,-9.57,8.990,0.025,-0.252,0.008,0.588,0.612,8.739,0.089,0.283,0.086,-12.168,2.587,-25.389,2.556
7,3-17-23 2:52 PM,ETH2,-9.71,0.00,-10.17,-19.08,0.01,-18.75,-11.805,0.028,-0.607,0.008,0.222,0.221,-10.678,0.092,-0.544,0.086,-0.186,4.189,16.394,4.271
7,3-18-23 4:31 AM,IAEA-C2,-7.87,0.00,-8.33,-9.31,0.01,-8.95,0.439,0.024,-0.214,0.006,0.636,0.663,10.064,0.096,0.390,0.088,-9.387,3.830,-14.562,3.823